-- --------------------------------------------------------
-- Host:                         127.0.0.1
-- Server version:               10.4.6-MariaDB - mariadb.org binary distribution
-- Server OS:                    Win64
-- HeidiSQL Version:             12.1.0.6537
-- --------------------------------------------------------

/*!40101 SET @OLD_CHARACTER_SET_CLIENT=@@CHARACTER_SET_CLIENT */;
/*!40101 SET NAMES utf8 */;
/*!50503 SET NAMES utf8mb4 */;
/*!40103 SET @OLD_TIME_ZONE=@@TIME_ZONE */;
/*!40103 SET TIME_ZONE='+00:00' */;
/*!40014 SET @OLD_FOREIGN_KEY_CHECKS=@@FOREIGN_KEY_CHECKS, FOREIGN_KEY_CHECKS=0 */;
/*!40101 SET @OLD_SQL_MODE=@@SQL_MODE, SQL_MODE='NO_AUTO_VALUE_ON_ZERO' */;
/*!40111 SET @OLD_SQL_NOTES=@@SQL_NOTES, SQL_NOTES=0 */;


-- Dumping database structure for gpd_gexp
DROP DATABASE IF EXISTS `gpd_gexp`;
CREATE DATABASE IF NOT EXISTS `gpd_gexp` /*!40100 DEFAULT CHARACTER SET utf8mb4 */;
USE `gpd_gexp`;

-- Dumping structure for table gpd_gexp.gimp_consignee
DROP TABLE IF EXISTS `gimp_consignee`;
CREATE TABLE IF NOT EXISTS `gimp_consignee` (
  `id` tinyint(4) NOT NULL AUTO_INCREMENT,
  `code` varchar(5) NOT NULL,
  `name` varchar(100) NOT NULL,
  PRIMARY KEY (`id`) USING BTREE,
  UNIQUE KEY `code` (`code`) USING BTREE
) ENGINE=InnoDB AUTO_INCREMENT=4 DEFAULT CHARSET=utf8mb4;

-- Dumping data for table gpd_gexp.gimp_consignee: ~3 rows (approximately)
DELETE FROM `gimp_consignee`;
INSERT INTO `gimp_consignee` (`id`, `code`, `name`) VALUES
	(1, 'GDA', 'Global Dairy Alami'),
	(2, 'PTB', 'Prima Top Boga'),
	(3, 'SKP', 'Sumber Kopi Prima');

-- Dumping structure for table gpd_gexp.gimp_docim
DROP TABLE IF EXISTS `gimp_docim`;
CREATE TABLE IF NOT EXISTS `gimp_docim` (
  `docim_id` int(11) NOT NULL AUTO_INCREMENT,
  `docim_po` varchar(255) DEFAULT NULL,
  `docim_ship_numbers` varchar(255) DEFAULT NULL,
  `docim_pengirim` varchar(255) DEFAULT NULL,
  `docim_penjual` varchar(255) DEFAULT NULL,
  `docim_consignee` varchar(255) DEFAULT NULL,
  `docim_commodity` varchar(255) DEFAULT NULL,
  `docim_category` varchar(255) DEFAULT NULL,
  `docim_hscode` varchar(255) DEFAULT NULL,
  `docim_lartas` varchar(255) DEFAULT NULL,
  `docim_term` varchar(255) DEFAULT NULL,
  `docim_HBL` varchar(255) DEFAULT NULL,
  `docim_MBL` varchar(255) DEFAULT NULL,
  `docim_qty_container` varchar(255) DEFAULT NULL,
  `docim_no_container` varchar(255) DEFAULT NULL,
  `docim_good_qty` decimal(20,0) unsigned DEFAULT 0,
  `docim_good_uom` varchar(255) DEFAULT NULL,
  `docim_GW` decimal(20,2) unsigned DEFAULT 0.00,
  `docim_NW` decimal(20,2) unsigned DEFAULT 0.00,
  `docim_CBM` decimal(20,0) DEFAULT 0,
  `docim_POL` varchar(255) DEFAULT NULL,
  `docim_POD` varchar(255) DEFAULT NULL,
  `docim_ETD` date DEFAULT NULL,
  `docim_ETA` date DEFAULT NULL,
  `docim_PIB_AJU` varchar(255) DEFAULT NULL,
  `docim_COO` varchar(255) DEFAULT NULL,
  `docim_masterlist` varchar(255) DEFAULT NULL,
  `docim_rcvd_oridoc` date DEFAULT NULL,
  `docim_billing` date DEFAULT NULL,
  `docim_spjm` date DEFAULT NULL,
  `docim_spjk` date DEFAULT NULL,
  `docim_sppb` date DEFAULT NULL,
  `docim_pickup_do` date DEFAULT NULL,
  `docim_delivery` date DEFAULT NULL,
  `docim_remarks` varchar(255) DEFAULT NULL,
  `docim_currency` decimal(20,2) DEFAULT 0.00,
  `docim_CIF` decimal(20,2) DEFAULT 0.00,
  `docim_Duty` decimal(20,2) DEFAULT 0.00,
  `docim_VAT` decimal(20,3) DEFAULT 0.000,
  `docim_TAX` decimal(20,3) DEFAULT 0.000,
  `docim_freight` decimal(20,2) DEFAULT 0.00,
  `docim_handling` decimal(20,2) DEFAULT 0.00,
  `docim_atcost` decimal(20,2) DEFAULT 0.00,
  `docim_additional` decimal(20,0) DEFAULT 0,
  `docim_leadtime` varchar(255) DEFAULT NULL,
  `docim_time` varchar(255) DEFAULT NULL,
  `docim_percent` varchar(255) DEFAULT NULL,
  `docim_cif2` varchar(255) DEFAULT NULL,
  `docim_landed_cost` varchar(255) DEFAULT NULL,
  `docim_persen` varchar(255) DEFAULT NULL,
  `docim_forwarder` varchar(255) DEFAULT NULL,
  `docim_stats` int(11) NOT NULL DEFAULT 1,
  `docim_createdAt` datetime DEFAULT NULL,
  `docim_createdBy` int(11) DEFAULT NULL,
  `docim_created_month` varchar(255) DEFAULT NULL,
  `docim_created_years` varchar(255) DEFAULT NULL,
  `docim_updatedAt` datetime DEFAULT NULL,
  `docim_updatedBy` int(11) DEFAULT NULL,
  PRIMARY KEY (`docim_id`)
) ENGINE=InnoDB AUTO_INCREMENT=54 DEFAULT CHARSET=utf8mb4;

-- Dumping data for table gpd_gexp.gimp_docim: ~53 rows (approximately)
DELETE FROM `gimp_docim`;
INSERT INTO `gimp_docim` (`docim_id`, `docim_po`, `docim_ship_numbers`, `docim_pengirim`, `docim_penjual`, `docim_consignee`, `docim_commodity`, `docim_category`, `docim_hscode`, `docim_lartas`, `docim_term`, `docim_HBL`, `docim_MBL`, `docim_qty_container`, `docim_no_container`, `docim_good_qty`, `docim_good_uom`, `docim_GW`, `docim_NW`, `docim_CBM`, `docim_POL`, `docim_POD`, `docim_ETD`, `docim_ETA`, `docim_PIB_AJU`, `docim_COO`, `docim_masterlist`, `docim_rcvd_oridoc`, `docim_billing`, `docim_spjm`, `docim_spjk`, `docim_sppb`, `docim_pickup_do`, `docim_delivery`, `docim_remarks`, `docim_currency`, `docim_CIF`, `docim_Duty`, `docim_VAT`, `docim_TAX`, `docim_freight`, `docim_handling`, `docim_atcost`, `docim_additional`, `docim_leadtime`, `docim_time`, `docim_percent`, `docim_cif2`, `docim_landed_cost`, `docim_persen`, `docim_forwarder`, `docim_stats`, `docim_createdAt`, `docim_createdBy`, `docim_created_month`, `docim_created_years`, `docim_updatedAt`, `docim_updatedBy`) VALUES
	(1, '6950003319', 'SO#19112614', 'KERRY INGREDIENTS (M) SDN. BHD.', '', '3', 'KERRYKREEM L-8094 FOAMING CREAMER', '3', '21069030', 'SKI / BPOM : ST.06.04.104.1045.05.22.008675', '3', '', 'ONEYJHBC07761400', '2X40HC', 'TGBU5296924, DRYU9320013', 2160, '3', 22420.00, 21600.00, 100, 'PASIR GUDANG', 'SEMARANG', '2022-05-05', '2022-05-11', '060100-000259-20220428-001203', 'E-FORM D: KL-202205-CCF-232329-K-044198', 'NO', '2022-05-09', '2022-05-10', '0000-00-00', '0000-00-00', '2022-05-10', '0000-00-00', '2022-05-13', 'DHL AWB 1526824191', 14353.00, 58968.00, 0.00, 11.000, 2.500, 0.00, 6900000.00, 6790220.00, 0, '1 Days', '2', '0', '846367704', '13690220', '0', 'AEROSWAN', 1, '2022-04-28 15:42:53', 2, '04', '2022', '2022-07-29 13:39:21', 4),
	(2, 'PO-SKP/087-18042022', 'SO#19189976', 'KERRY INGREDIENTS (M) SDN. BHD.', 'NO. 8 JALAN HASIL DUA TAMPOI 81200 JOHOR BAHRU, JOHOR, MALAYSIA', '3', 'KERRYKREEM L-8094 FOAMING CREAMER IMPORTING COUNTRY', '3', '21069030', 'SKI / BPOM :', '3', '', 'ONEYJHBC10044600', '2X40', 'FFAU1865465 / MY323972A, GAOU6535736 / MY323978A', 2160, '3', 22421.00, 21600.00, 0, 'MALAYSIA', 'SEMARANG', '2022-05-15', '2022-05-27', '', 'FORM D :', 'NO', NULL, NULL, NULL, NULL, NULL, NULL, NULL, 'DHL 5160136881', 14441.00, 80568.00, 0.00, 11.000, 2.500, 0.00, 0.00, 0.00, 0, '', '', '0', '1163482488', 'NaN', '0', 'AEROSWAN', 3, '2022-05-17 09:37:17', 4, '05', '2022', '2022-05-30 14:26:30', 4),
	(3, '12375', '81687', 'LIL ORBITS', '', '2', 'PANCAKE MACHINE  COMPLETE UNI – MATIC W/DRIVE MOTORS', '1', '84388021', 'NO LARTAS', '5', 'ORD/CGK/015863', '157-80243273', 'AIR', 'AIR', 1, '2', 44.45, 0.00, 0, 'CHICAGO-USA', 'Jakarta', '2022-05-22', '2022-05-25', '51841', 'NO COO', 'NO', '0000-00-00', '2022-05-27', '0000-00-00', '0000-00-00', '2022-05-27', '0000-00-00', '2022-05-30', '', 14682.00, 7064.50, 5.00, 11.000, 2.500, 0.00, 14747280.00, 772892.00, 5616000, '5 Days', '5', '0', '103720989', '534125117', '5', 'ECULINE', 1, '2022-05-19 13:24:11', 4, '05', '2022', '2022-07-29 13:39:05', 4),
	(4, 'PO-SKP/087-18042022', 'SO#19189976', 'KERRY INGREDIENTS (M) SDN. BHD.', '', '3', 'KERRYKREEM L-8094 FOAMING CREAMER', '3', '21069030', 'SKI / BPOM : NO. ST.06.04.104.1045.05.22.008764', '3', '', 'ONEYJHBC10044600', '2X40', 'FFAU1865465 / MY323972A, GAOU6535736 / MY323978A', 2160, '3', 2242.80, 21600.00, 0, 'PASIR GUDANG-MALAYSIA', 'SEMARANG', '2022-05-15', '2022-05-27', '01205', 'E-FORM D : KL-202205-CCF-232329-K-047661', 'NO', '2022-05-18', '2022-05-27', '0000-00-00', '0000-00-00', '2022-05-30', '0000-00-00', '2022-05-31', 'DHL 5160136881', 14682.00, 80568.00, 0.00, 11.000, 2.500, 0.00, 6900000.00, 6466780.00, 0, '3 Days', '4', '0', '1182899376', '13366780', '0', 'AEROSWAN', 1, '2022-05-19 13:46:18', 4, '05', '2022', '2022-07-29 13:38:48', 4),
	(5, '', 'N.188/E', 'SICEM S.R.L', '', '1', 'WHEAT HAY BIG BALES', '2', '1214.9', 'NO LARTAS', '3', 'RAN0019185', 'MEDULV454565', '14X40HC', 'ATTACHED', 434, '8', 253000.00, 0.00, 0, 'RAVENNA, IT', 'Jakarta', '2022-04-07', '2022-06-05', '830', 'C22410097409', 'NO', '2022-04-22', '2022-06-06', '0000-00-00', '0000-00-00', '2022-06-08', '0000-00-00', '2022-06-09', '', 15679.62, 61985.00, 5.00, 11.000, 2.500, 0.00, 44291800.00, 0.00, 0, '4 Days', '4', '0', '971901245.7', '4903798029', '5', 'MGM', 1, '2022-05-19 15:07:34', 4, '05', '2022', '2022-07-29 13:38:28', 4),
	(6, '12757', '', 'SHANGHAI SANJIN IMPORT & EXPORT CO.,LTD', '', '2', 'TRAY SOVOL MINIS 5 DAYS', '4', '8438.9019', 'NO LARTAS', '1', '', '', '1X20', '', 683, '1', 0.00, 0.00, 0, 'SHANGHAI', 'Jakarta', NULL, NULL, '', '', 'NO', NULL, NULL, NULL, NULL, NULL, NULL, NULL, '', 0.00, 4004000.00, 0.00, 11.000, 2.500, 0.00, 0.00, 0.00, 0, '', '', 'NaN', '0', '0', '0', '', 1, '2022-05-19 15:18:37', 4, '05', '2022', NULL, NULL),
	(7, '4960004479, 4960004938', '', 'ARTHA DAIRY PLANNING & SUPPORT', '', '1', 'CRACKER ROLL', '4', '8433.52.00', 'NO LARTAS', '3', 'NEU-58875294', '297-82430596', 'AIR', 'AIR', 1, '1', 568.00, 0.00, 0, 'PORTLAND, USA', 'Jakarta', '2022-06-03', '2022-06-11', '851', 'NO COO', 'NO', '2022-06-10', '2022-06-13', '0000-00-00', '0000-00-00', '2022-06-14', '0000-00-00', '2022-06-16', '', 14.64, 35613.02, 5.00, 11.000, 2.500, 0.00, 3825624.00, 10794511.00, 211000, '5 Days', '6', '28', '521232.1607199999', '17226296', '33', 'MGM', 1, '2022-06-03 10:37:02', 4, '06', '2022', '2022-07-04 14:51:18', 2),
	(8, '4960004479, 4960004938', '', 'ARTHA DAIRY PLANNING & SUPPORT', '', '1', 'CRACKER ROLL', '4', '4010.39.00', 'NO LARTAS', '3', 'NEU-58875294', '297-82430596', 'AIR', 'AIR', 1, '1', 568.00, 0.00, 0, 'USA', 'Jakarta', '2022-06-03', '2022-06-11', '', '', 'NO', '0000-00-00', '0000-00-00', '0000-00-00', '0000-00-00', '0000-00-00', '0000-00-00', NULL, '', 14636.00, 35613.02, 5.00, 11.000, 2.500, 0.00, 0.00, 0.00, 0, 'NaN Days', '', '0', '521232160.71999997', '2606160804', '5', '', 3, '2022-06-03 10:40:03', 4, '06', '2022', '2022-06-03 10:58:35', 4),
	(9, '1231432424', '', '', '', '', '', '', '', '', '', '', '', '', '', 0, '', 0.00, 0.00, 0, '', '', '0000-00-00', NULL, '', '', '', '0000-00-00', '0000-00-00', '0000-00-00', '0000-00-00', '0000-00-00', '0000-00-00', NULL, '', 0.00, 0.00, 0.00, 0.000, 0.000, 0.00, 0.00, 0.00, 0, '', '', '', '0', '0', '0', '', 3, '2022-06-03 10:50:06', 1, '06', '2022', '2022-06-03 10:53:03', 1),
	(10, '4960004479, 4960004938', '', 'ARTHA DAIRY PLANNING & SUPPORT', '', '1', 'CRACKER ROLL', '4', '4010.39.00', 'NO LARTAS', '3', 'NEU-58875294', '297-82430596', 'AIR', 'AIR', 1, '1', 568.00, 0.00, 0, 'PORTLAND, USA', 'CGK, Jakarta', '2022-06-03', '2022-06-11', '', '', 'NO', '0000-00-00', '0000-00-00', '0000-00-00', '0000-00-00', '0000-00-00', '0000-00-00', NULL, '', 14.64, 35613.02, 5.00, 11.000, 2.500, 0.00, 0.00, 0.00, 0, 'NaN Days', '', '0', '521232.1607199999', '2606161', '5', '', 3, '2022-06-03 10:58:23', 4, '06', '2022', '2022-06-03 10:58:49', 4),
	(11, 'PO-SKP/0082-25032022', '', 'RENGER INTERNATIONAL SDN BHD', 'WHC', '3', 'Instant Coffee WHC', '3', '2101.11.10', 'SKI BPOM : ST.06.04.104.1045.06.22.008917', '3', '', '218550977', '1X20', '', 276, '7', 7396.80, 0.00, 25, 'TANJUNG PELEPAS, MALAYSIA', 'SEMARANG', '2022-06-03', '2022-06-11', '1211', 'E-FORM D: KL-202206-CCF-712801-P-056596', 'NO', '0000-00-00', '0000-00-00', '0000-00-00', '0000-00-00', '0000-00-00', '0000-00-00', '0000-00-00', '', 14636.00, 55752.00, 0.00, 11.000, 2.500, 0.00, 0.00, 0.00, 0, 'NaN Days', '', '0', '815986272', '0', '0', 'AEROSWAN', 1, '2022-06-06 10:47:52', 4, '06', '2022', '2022-07-01 10:32:46', 4),
	(12, '4960005518', '', 'Suzhou Enviro Filtration Industry Co.,Ltd', '', '1', 'BELT PRESS FILTER BELT ', '3', '84799090', '', '2', '', '274398636079', 'AIR', 'AIR BY (FEDEX)', 1, '10', 38.00, 0.00, 0, 'Shozou China', 'SUBANG', '2022-06-23', '2022-06-29', 'NO PIB', '', 'NO', '0000-00-00', '0000-00-00', '0000-00-00', '0000-00-00', '0000-00-00', '0000-00-00', '2022-06-29', '', 14837.00, 965.00, 5.00, 11.000, 0.000, 0.00, 802000.00, 0.00, 0, 'NaN Days', '', '0', '14317705', '72390525', '5', 'FEDEX', 1, '2022-06-06 11:06:29', 4, '06', '2022', '2022-07-01 10:53:43', 4),
	(13, '4960004711, 4960004806', '', 'TOTAL DAIRY MANAGEMENT (TDM)', 'NUTRISERVICE S.R.L.', '1', 'PEDOMETER', '4', '8434.9', 'NO LARTAS', '5', 'SLE03400386', '91015536706', 'AIR', 'AIR', 3, '1', 430.20, 0.00, 768, 'MALPENSA, MILANO', 'CGK', '2022-04-21', '2022-05-09', '13425', 'NO COO', 'NO', '0000-00-00', '2022-05-10', '0000-00-00', '0000-00-00', '2022-05-11', '0000-00-00', '2022-05-12', '', 15514.30, 142763.00, 5.00, 11.000, 2.500, 0.00, 88206420.00, 7354204.00, 0, 'NaN Days', '3', '0', '2214868010.9', '11169900679', '5', 'AEROSWAN', 1, '2022-06-07 09:31:07', 4, '06', '2022', '2022-07-29 13:39:38', 4),
	(14, '4960004067, 4960003763, 4960003753', 'INV: 4/328,  INV: 4/329', 'TOTAL DAIRY MANAGEMENT (TDM)', 'NUTRISERVICE S.R.L.', '1', 'MILK METER ASSY', '4', '8434.901', 'NO LARTAS', '5', 'NEC01500709', '618/43622202', '4 PKG', 'AIR', 4, '1', 1013.00, 1013.00, 1013, 'Milan', 'Jakarta', '2022-01-05', '2022-01-09', '12470', 'NO COO', 'NO', '0000-00-00', '2022-01-10', '2022-01-11', '0000-00-00', '2022-01-12', '0000-00-00', '2022-01-13', '', 14255.00, 113944.11, 5.00, 11.000, 2.500, 67671500.00, 9243500.00, 12378015.00, 0, 'NaN Days', '4', '0', '1624273288.05', '8142987955', '5', 'AEROSWAN', 1, '2022-06-07 13:58:52', 4, '06', '2022', '2022-07-29 13:49:43', 4),
	(15, '27720380', '27720380', 'TETRA PAK SOUTH EAST ASIA', 'TETRA PAK', '1', 'GRANULATE SUPPLY UNIT', '1', '84229090', 'NO LARTAS', '3', '27720380', '', 'LCL', 'NYKU5134721 / WWA010158380"', 1, '2', 550.00, 360.00, 4101, 'HAMBURG', 'Jakarta', '2021-12-09', '2022-01-19', '1962', 'NO', 'NO', '0000-00-00', '2022-01-19', '0000-00-00', '0000-00-00', '2022-01-20', '0000-00-00', '2022-01-24', '', 14341.00, 21.00, 5.00, 10.000, 2.500, 0.00, 2095555.00, 8398180.00, 0, 'NaN Days', '5', 'NaN', 'NaN', 'NaN', '0', 'PJL', 1, '2022-06-08 08:52:21', 4, '06', '2022', NULL, NULL),
	(16, 'SO#18755708', 'PO#PO-SKP/063-09112021', 'Kerry Ingredients', '', '3', 'KERRYKREEM L-8094', '3', '2106.903', '', '3', '', 'ONEYJHBB33112600', '1X40HC', 'TLLU5583421 / MY521780A', 660, '3', 11355.40, 0.00, 50, 'PASIR GUDANG', 'SEMARANG', '2021-12-26', '2022-01-08', '1174', '', 'NO', '2022-01-03', '2022-01-07', '0000-00-00', '0000-00-00', '2022-01-10', '0000-00-00', '2022-01-12', '', 14255.00, 21930.00, 0.00, 10.000, 2.500, 0.00, 3525000.00, 3207625.00, 0, 'NaN Days', '4', '0', '312612150', '6732625', '0', 'AEROSWAN', 1, '2022-06-08 08:57:38', 4, '06', '2022', '2022-07-29 13:52:28', 4),
	(17, 'SO#18755708', 'PO#PO-SKP/063-09112021', 'Kerry Ingredients', '', '3', 'KERRYKREEM L-8094', '3', '2106.903', '', '3', '', 'ONEYJHBB33112600', '1X40HC', 'TLLU5583421 / MY521780A', 660, '3', 11355.40, 0.00, 50, 'PASIR GUDANG', 'SEMARANG', '2021-12-26', '2022-01-08', '1174', '', 'NO', '2022-01-03', '2022-01-07', '0000-00-00', '0000-00-00', '2022-01-10', '0000-00-00', '2022-01-12', '', 14255.00, 21930.00, 0.00, 0.000, 0.000, 0.00, 0.00, 0.00, 0, 'NaN Days', '', '0', '312612150', '0', '0', '', 1, '2022-06-08 08:57:38', 4, '06', '2022', '2022-07-29 13:52:44', 4),
	(18, 'PO6950003106', 'PO6950003106', 'Renger International SDN BHD', 'WHC', '3', 'Instant Coffee WHC', '3', '2106.903', 'SKI BPOM: ST.06.04.104.1045.01.22.007875  ', '3', '', 'JHB-HSE-2201-0056', '1X40HC', 'MSMU5647486 / FJ12722343', 552, '7', 14793.60, 0.00, 50, 'TANJUNG PELEPAS, MALAYSIA', 'SEMARANG', '2022-01-19', '2022-01-22', '1178', 'E-FORM D: KL-202112-CCF-232329-K-122088  ', 'NO', '2022-01-21', '2022-01-24', '0000-00-00', '0000-00-00', '2022-01-26', '2022-01-26', '2022-01-27', '', 14341.00, 98325.00, 0.00, 10.000, 2.500, 0.00, 3525000.00, 5531024.00, 0, 'NaN Days', '5', '0', '1410078825', '9056024', '0', 'AEROSWAN', 1, '2022-06-08 09:10:30', 4, '06', '2022', '2022-07-29 13:48:58', 4),
	(19, 'PTG037', 'JTJ-SO005286', 'J.T JOHNSON AND SONS PTY. LTD', '', '1', 'WHEATEN STRAW (FEED GRADE)', '2', '1213', 'Kementan  KARANTINA TUMBUHAN KT.2 atau KT.9  Kementan No: 1030/Kpts/PI.500/F/01/2022  ', '3', '', 'OOLU4052461010', '5X40HC', '', 6200, '8', 129510.00, 0.00, 300, 'ADELAIDE', 'Jakarta', '2022-01-23', '2022-01-30', '2', '', 'NO', '2022-02-04', '2022-02-07', '0000-00-00', '0000-00-00', '2022-02-11', '2022-02-04', '2022-02-12', '', 14344.00, 34320.15, 0.00, 10.000, 2.500, 0.00, 24870000.00, 56756270.00, 0, '15 Days', '13', '0', '492288231.6', '81626270', '0', 'MGM', 1, '2022-06-08 09:16:20', 4, '06', '2022', '2022-07-29 13:48:43', 4),
	(20, 'SO#18803143', 'PO#6950003212', 'Kerry Ingredients', '', '3', 'KERRYKREEM L-8094 FOAMING CREAMER', '3', '2106.90.30', '', '3', '', 'ONEYJHBC00097600', '2x40HC', '', 2160, '3', 22420.00, 0.00, 100, 'PASIR GUDANG', 'SEMARANG', '2022-01-30', '2022-02-11', '1185', '', 'NO', '2022-02-07', '2022-02-10', '0000-00-00', '0000-00-00', '2022-02-11', '2022-02-14', '2022-02-15', '', 14360.00, 59400.00, 0.00, 10.000, 2.500, 0.00, 6900000.00, 6350630.00, 0, '4 Days', '4', '0', '852984000', '13250630', '0', 'AEROSWAN', 1, '2022-06-08 09:30:09', 4, '06', '2022', '2022-07-29 13:48:13', 4),
	(21, '', '', 'SANCASIANO', '', '2', 'MIXERS SPARE PARTS', '4', '84389029', 'NO LARTAS', '2', '775923027422', '2363499796', 'AIR', 'BY FEDEX', 1, '1', 2.00, 2.00, 2, 'LONATE POZZOLO IT', 'CGK', '2022-02-01', '2022-02-03', 'NO PIB', 'NO', 'NO', '0000-00-00', '0000-00-00', '0000-00-00', '0000-00-00', '2022-02-03', '0000-00-00', '2022-02-04', '', 14360.00, 33.70, 5.00, 10.000, 0.000, 0.00, 55.00, 0.00, 0, 'NaN Days', '1', 'NaN', '483932.00000000006', 'NaN', '0', 'FEDEX', 1, '2022-06-08 09:35:23', 4, '06', '2022', '2022-07-29 13:48:28', 4),
	(22, '', '', 'Monde Nissin Corp', '', '3', 'Instant Coffee', '3', '9012120', 'SKI / BPOM :', '5', '8947617372', '', 'AIR', 'DHL', 1, '1', 6.00, 6.00, 0, 'MANILA', 'SURABAYA', '2022-02-10', '2022-02-14', 'NO PIB', '', 'NO', '0000-00-00', '2022-02-14', '0000-00-00', '0000-00-00', '2022-02-18', '0000-00-00', '2022-02-22', '', 14374.00, 46.72, 20.00, 10.000, 7.500, 0.00, 165000.00, 0.00, 0, 'NaN Days', '8', '1', '671553.28', '13596066', '20', 'DHL', 1, '2022-06-08 10:31:18', 4, '06', '2022', '2022-07-29 13:47:59', 4),
	(23, '12380', '', 'ZOURTOUMIDIS KYRIAKOS SIA', '', '2', 'Stator Netzsch', '4', '8438.90.29', 'NO LARTAS', '3', '240375112', '', 'AIR', 'BY FEDEX', 1, '1', 13.00, 0.00, 94, 'Thessaloniki', 'CGK', '2022-02-15', '2022-02-18', '415888', '', 'NO', '0000-00-00', '0000-00-00', '0000-00-00', '0000-00-00', '2022-02-21', '0000-00-00', '2022-02-23', '', 16300.40, 1780.00, 5.00, 10.000, 2.500, 0.00, 264902.00, 0.00, 0, 'NaN Days', '5', '0', '29014712', '145338462', '5', 'FEDEX', 1, '2022-06-08 10:53:06', 4, '06', '2022', '2022-07-29 13:47:46', 4),
	(24, 'PO6950003206', '', 'Renger International SDN BHD', 'WHC', '3', 'Instant Coffee WHC', '3', '2101.11.10', '', '3', '', '216584986', '1X20', 'MRKU7753967 / ML-MY0794923', 276, '7', 7396.80, 0.00, 25, 'TANJUNG PELEPAS, MALAYSIA', 'SEMARANG', '2022-02-20', '2022-02-26', '1188', '', 'NO', '2022-02-23', '2022-02-25', '0000-00-00', '0000-00-00', '2022-06-25', '2022-03-01', '2022-03-02', 'DHL: 6376636011', 14310.00, 52854.00, 0.00, 10.000, 7.500, 0.00, 3300000.00, 2835753.00, 0, 'NaN Days', '4', '0', '756340740', '6135753', '0', 'AEROSWAN', 1, '2022-06-08 10:57:27', 4, '06', '2022', '2022-07-29 13:47:14', 4),
	(25, '90000244', '90000244', 'SHANGHAI HITEC PLASTICS', '', '1', 'SILAGE BAG', '3', '3919.90.99', 'NO LARTAS', '3', '', 'OOLU2130755810', '1X20', 'CSLU1433179 / OOLHME2283', 60, '1', 13200.00, 0.00, 20, 'SHANGHAI', 'Jakarta', '2022-02-15', '2022-02-26', '402832', '', 'NO', '2022-03-01', '2022-02-26', '0000-00-00', '0000-00-00', '2022-03-01', '2022-03-01', '2022-03-04', 'DHL: 83 0001 4122', 14310.00, 37926.00, 0.00, 10.000, 2.500, 0.00, 4050000.00, 3506270.00, 0, '6 Days', '', '0', '542721060', '7556270', '0', 'AEROSWAN', 1, '2022-06-16 10:48:55', 4, '06', '2022', '2022-07-29 13:47:32', 4),
	(26, '', '', 'IT0676 MAVIGRAFICA SRL', '', '1', 'SURE GOODS', '4', '39219090', 'NO LARTAS', '9', '270135989340', '2363854136', '1PK', 'FEDEX', 1, '1', 1.10, 0.00, 0, 'ROMA', 'CGK', '2022-02-24', '2022-03-01', 'NO', 'NO', 'NO', '0000-00-00', '2022-03-01', '0000-00-00', '0000-00-00', '2022-03-01', '0000-00-00', '2022-03-02', 'FEDEX', 14310.00, 22.69, 0.00, 10.000, 2.500, 0.00, 55000.00, 0.00, 0, '1 Days', '', '0', '324693.9', '55000', '0', 'FEDEX', 1, '2022-06-16 10:55:13', 4, '06', '2022', '2022-07-29 13:46:59', 4),
	(27, 'PTG036', 'JTJ-SO005999', 'J.T JOHNSON AND SONS PTY. LTD', '', '1', 'LUCERNE HAY', '2', '1214.9', 'NO LARTAS', '3', '', 'OOLU4052605170', '5X40HC', '', 5400, '8', 122240.00, 0.00, 300, 'ADELAIDE', 'Jakarta', '2022-02-19', '2022-03-11', '768', '', 'NO', '2022-03-01', '2022-03-11', '0000-00-00', '0000-00-00', '2022-03-11', '0000-00-00', '2022-03-12', 'DHL AWB: 6016269350', 14369.00, 55619.20, 0.00, 10.000, 2.500, 0.00, 17995000.00, 23699501.00, 0, 'NaN Days', '1', '0', '799192284.8', '41694501', '0', 'MGM', 1, '2022-06-16 11:14:53', 4, '06', '2022', '2022-07-29 13:46:11', 4),
	(28, 'PTG040', 'JTJ-SO006218', 'J.T JOHNSON AND SONS PTY. LTD', '', '1', 'LUCERNE HAY (FEED GRADE)', '2', '1214.9', 'NO LARTAS', '3', '', 'OOLU4052731950', '3X40HC', 'OOCU7225714 / OOLGKW7234  OOCU7628638 / OOLGKW7228  CSNU6193308 / OOLGWU1225', 3240, '8', 72240.00, 0.00, 180, 'ADELAIDE', 'Jakarta', '2022-02-19', '2022-03-11', '770', 'FORM AANZ: EC182247340  21FEB2022', 'NO', '2022-03-01', '2022-03-11', '0000-00-00', '0000-00-00', '2022-03-11', '0000-00-00', '2022-03-12', 'DHL AWB: 6016269350', 14369.00, 33230.40, 0.00, 10.000, 2.500, 0.00, 11285000.00, 14325500.00, 0, 'NaN Days', '', '0', '477487617.6', '25610500', '0', 'MGM', 1, '2022-06-21 08:49:31', 4, '06', '2022', '2022-07-29 13:46:28', 4),
	(29, 'PTG043', 'JTJ-SO006220', 'J.T JOHNSON AND SONS PTY. LTD', '', '1', 'OATEN HAY (FEED GRADE)', '2', '1214.9', 'NO LARTAS', '3', '', 'OOLU4052731970', '5X40HC', 'OOCU7933307 / OOLGWU1149  WBPU7026193 / OOLGWU1327  OOCU7599988 / OOLGWU1228  OOLU9193628 / OOLGWU1226  OOLU9875171 / OOLGWU1224', 5400, '8', 129910.00, 0.00, 300, 'ADELAIDE', 'Jakarta', '2022-02-19', '2022-03-15', '769', '', 'NO', '2022-03-01', '2022-03-15', '0000-00-00', '0000-00-00', '2022-03-16', '0000-00-00', '2022-03-18', 'DHL AWB: 6016269350', 14369.00, 42870.30, 0.00, 10.000, 2.500, 0.00, 17995000.00, 23606770.00, 0, 'NaN Days', '3', '0', '616003340.7', '41601770', '0', 'MGM', 1, '2022-06-21 08:54:08', 4, '06', '2022', '2022-07-29 13:43:51', 4),
	(30, 'PTG038', 'JTJ-SO006081', 'J.T JOHNSON AND SONS PTY. LTD', '', '1', 'OATEN HAY (FEED GRADE)', '2', '1214.9', 'NO LARTAS', '3', '', 'OOLU4052652560', '5X40HC', 'OOLU9682594 / OOLGWU1150  OOLU8992424 / H2777993  OOLU9886469 / OOLGKW7212  OOLU9552306 / OOLGWU1155  OOCU8723250 / OOLGWU1154', 5400, '8', 130820.00, 0.00, 300, 'ADELAIDE', 'Jakarta', '2022-02-19', '2022-03-15', '2006', '', 'NO', '2022-03-01', '2022-03-15', '0000-00-00', '0000-00-00', '2022-03-16', '0000-00-00', '2022-03-18', 'DHL AWB: 6016269350', 14369.00, 42516.50, 0.00, 10.000, 2.500, 0.00, 16621000.00, 21148120.00, 0, 'NaN Days', '3', '0', '610919588.5', '37769120', '0', 'PJL', 1, '2022-06-21 09:06:37', 4, '06', '2022', '2022-07-29 13:44:12', 4),
	(31, 'PTG039', 'JTJ-SO006241', 'J.T JOHNSON AND SONS PTY. LTD', '', '1', '', '2', '1214.9', 'NO LARTAS', '3', '', 'OOLU2688090710', '5X40HC', 'CCLU7608041 / OOLGWU1156  OOCU8302950 / H2777994  OOCU6863334 / OOLGWU1271  OOLU9891974 / H2778000  OOCU7588026 / OOLGWU1320', 5400, '8', 126660.00, 0.00, 300, 'ADELAIDE', 'Jakarta', '2022-02-19', '2022-03-15', '2007', '', 'NO', '2022-03-01', '2022-03-15', '0000-00-00', '0000-00-00', '2022-03-16', '0000-00-00', '2022-03-17', 'DHL AWB: 6016269350', 14369.00, 48072.90, 0.00, 10.000, 2.500, 0.00, 16620000.00, 21048120.00, 0, 'NaN Days', '2', '0', '690759500.1', '37668120', '0', 'PJL', 1, '2022-06-21 09:11:42', 4, '06', '2022', '2022-07-29 13:44:29', 4),
	(32, 'PTG041', 'JTJ-SO006219', 'J.T JOHNSON AND SONS PTY. LTD', '', '1', 'WHEATEN STRAW (FEED GRADE', '2', '1213', '', '3', '', 'OOLU4052731980', '5X40HC', 'TCNU6118531 / OOLGKW7364  OOLU8965711 / OOLGKW7366  OOCU7497245 / OOLGKW7363  OOLU9135318 / OOLGKW7365  OOCU7024350 / OOLGKW7362', 6200, '8', 128060.00, 0.00, 300, 'ADELAIDE', 'Jakarta', '2022-02-19', '2022-03-15', '15', '', 'NO', '2022-03-01', '2022-03-15', '0000-00-00', '0000-00-00', '2022-03-17', '0000-00-00', '2022-03-19', 'DHL AWB: 6016269350', 14369.00, 37777.70, 0.00, 10.000, 2.500, 0.00, 22120000.00, 35180720.00, 0, 'NaN Days', '4', '0', '542827771.3', '57300720', '0', 'PJL', 1, '2022-06-21 09:16:37', 4, '06', '2022', '2022-07-29 13:45:13', 4),
	(33, 'PTG042', 'JTJ-SO006451', 'J.T JOHNSON AND SONS PTY. LTD', '', '1', 'WHEATEN STRAW (FEED GRADE)', '2', '1213', '', '3', '', 'OOLU2690550600', '4X40HC', 'OOCU7543633 / OOLGWU1717  TCNU3641554 / OOLGWU1697  TCNU1736753 / OOLGWU1694  XINU8008436 / OOLGWU1689', 4960, '8', 97740.00, 0.00, 240, 'ADELAIDE', 'Jakarta', '2022-02-17', '2022-03-15', '14', '', 'NO', '2022-03-01', '2022-03-18', '0000-00-00', '0000-00-00', '2022-03-19', '0000-00-00', '2022-03-25', '', 14356.00, 28833.30, 0.00, 10.000, 2.500, 0.00, 26905000.00, 24630596.00, 0, '10 Days', '10', '0', '413930854.8', '51535596', '0', 'PJL', 1, '2022-06-21 09:21:33', 4, '06', '2022', '2022-07-29 13:45:31', 4),
	(34, '', 'IN30001988', 'AUSTRALIAN RURAL EXPORTS PTY LTD', '', '1', 'HEAD BREEDING CATTLE', '1', '10221', 'KEMENTAN, KARANTINA', '3', '1522', '1522', '1SHIP', '1SHIP', 936, '1', 396096.48, 0.00, 0, 'PORTLAND, AUSTRALIA', 'JAKARTA', '2022-03-12', '2022-03-22', '276', '', 'NO', '2022-03-16', '2022-04-18', '0000-00-00', '0000-00-00', '2022-03-21', '0000-00-00', '2022-03-22', 'DHL AWB: 5702806561, TRUCKING: 310,000/EKOR HANDLING: 110,000/EKOR ADD: BIAYA PI ANALISIS 10,000,000 BIAYA KOORDINASI PAKAN+OBAT: 25,000,000 BIAYA PAKAN PTP: 1,500,000 BIAYA DOKUMENTASI: 2,500,000 BURUH BONGKAR PAKAN: 3,000,000 Tambahan biaya angkut pakan', 10496.82, 3327510.00, 0.00, 0.000, 2.500, 0.00, 445073664.00, 0.00, 0, 'NaN Days', '', '0', '34928273518.2', '445073664', '0', 'SINATRA + SRIWIJAYA', 1, '2022-06-21 10:46:17', 4, '06', '2022', '2022-07-29 13:43:36', 4),
	(35, '4960004707', 'CH20220242', 'COMFORT HOOF CARE', '', '1', 'BOND365 40-APPLICATION BULK  KNIFE LEFT & RIGHT', '4', '', 'NO LARTAS', '5', '', '67 9246 6450', '1PK', 'BY AIR DHL', 1, '1', 26.31, 0.00, 0, 'CINCINATI, USA', 'CGK', '2022-03-11', '2022-03-12', '3124', 'NO', 'NO', '0000-00-00', '2022-03-17', '0000-00-00', '0000-00-00', '2022-03-18', '0000-00-00', '2022-03-24', '', 14358.00, 1591.00, 12.50, 10.000, 2.500, 0.00, 15942951.00, 623550.00, 0, 'NaN Days', '12', '1', '22843578', '302111226', '13', 'DHL', 1, '2022-06-21 10:53:12', 4, '06', '2022', '2022-07-29 13:45:51', 4),
	(36, '', 'MARCH EX PORT MELBOURNE', 'AUSTRALIAN RURAL EXPORTS PTY LTD', '', '1', 'DOC CERTIFICATE OF PEDIGREE - CATTLE', '4', '4911.10.90', 'NO LARTAS', '10', '', '7719397092', '1PK', 'BY AIR DHL', 1, '1', 5.00, 0.00, 0, 'MELBOURNE', 'CGK', '2022-03-22', '2022-03-24', '21358', 'NO', 'NO', '0000-00-00', '0000-00-00', '0000-00-00', '0000-00-00', '2022-03-27', '0000-00-00', '2022-03-28', '', 10496.82, 5000.00, 10.00, 10.000, 2.500, 0.00, 165000.00, 0.00, 0, 'NaN Days', '4', '0', '52484100', '525006000', '10', 'DHL', 1, '2022-06-21 11:04:29', 4, '06', '2022', '2022-07-29 13:43:05', 4),
	(37, '', '', 'ALASKA MILK CORP', 'ALASKA MILK CORP', '3', 'KIEVIT VANA BLACA', '3', '21069030', 'NO LARTAS', '10', '', '8415575755', '1PCS', 'BY AIR DHL', 1, '1', 2.36, 0.00, 0, 'MANILA', 'CGK', '2022-03-15', '2022-03-23', 'NO', 'NO', 'NO', '0000-00-00', '0000-00-00', '0000-00-00', '0000-00-00', '2022-03-30', '0000-00-00', '2022-04-01', '', 14318.00, 40.55, 5.00, 10.000, 2.500, 0.00, 165000.00, 0.00, 0, 'NaN Days', '9', '0', '580594.8999999999', '3067974', '5', 'DHL', 1, '2022-06-21 11:08:58', 4, '06', '2022', '2022-07-29 13:43:20', 4),
	(38, '4960004667', '15328', 'VERSA CORP', '', '1', 'SPARE PARTS', '4', '84369919', 'NO LARTAS', '5', 'ELC22105457', '297-09825104', '1PK', 'AIR', 1, '1', 0.00, 451.00, 0, 'SEATTLE', 'CGK', '2022-03-21', '2022-03-27', '13106', 'NO', 'NO', '0000-00-00', '2022-03-29', '0000-00-00', '0000-00-00', '2022-03-30', '0000-00-00', '2022-03-31', '', 14318.00, 17143.00, 5.00, 10.000, 2.500, 34425900.00, 4801000.00, 5093885.00, 0, 'NaN Days', '4', '0', '245453474', '1237162255', '5', 'AEROSWAN', 1, '2022-06-21 12:00:44', 4, '06', '2022', '2022-07-29 13:42:47', 4),
	(39, 'PTG044', 'JTJ-SO006604', 'J.T JOHNSON AND SONS PTY. LTD', '', '1', 'OATEN HAY', '2', '1214.9', 'NO LARTAS', '3', '', 'OOLU2691049170', '5X40HC', 'OOCU7098970 /AU110844  OOCU8172440 /OOLGWU1482  OOLU9946758 /OOLGKX1966  CSNU6303658 /OOLGWU1483  OOLU6819657 /AU118043', 5400, '8', 129036.00, 0.00, 300, 'ADELAIDE', 'Jakarta', '2022-03-27', '2022-04-04', '798', 'EC182249047  28MAR2022', 'NO', '2022-04-04', '2022-04-04', '0000-00-00', '0000-00-00', '2022-04-06', '0000-00-00', '2022-04-09', 'DHL AWB: 3281492476', 14351.00, 42581.88, 0.00, 11.000, 2.500, 0.00, 18158500.00, 30452512.00, 0, 'NaN Days', '5', '0', '611092559.88', '48611012', '0', 'MGM', 1, '2022-06-21 15:03:58', 4, '06', '2022', '2022-07-29 13:41:29', 4),
	(40, 'PTG045', 'JTJ-SO006608', 'J.T JOHNSON AND SONS PTY. LTD', '', '1', 'OATEN HAY', '1', '1214.9', 'NO LARTAS', '3', '', 'OOLU2691361330', '6X40HC', 'CCLU7138272 /OOLGWU1175  CSNU6678546 /OOLGWU1479  CSNU6788918 /OOLGWU1432  TLLU4889253 /AU110955  OOCU7996368 /OOLGWU1480  UETU5200810 /AU110956', 6480, '8', 155690.00, 0.00, 360, 'ADELAIDE', 'Jakarta', '2022-03-27', '2022-04-04', '796', 'EC182249050  28MAR2022', 'NO', '2022-04-04', '2022-04-04', '0000-00-00', '0000-00-00', '2022-04-06', '0000-00-00', '2022-04-07', '', 14351.00, 54491.50, 0.00, 11.000, 2.500, 0.00, 21544000.00, 29064996.00, 0, 'NaN Days', '3', '0', '782007516.5', '50608996', '0', 'MGM', 1, '2022-06-21 15:08:37', 4, '06', '2022', '2022-07-29 13:41:48', 4),
	(41, 'PTG046', 'JTJ-SO006907', 'J.T JOHNSON AND SONS PTY. LTD', '', '1', 'OATEN HAY', '1', '1214.9', 'NO LARTAS', '3', '', 'OOLU2692142290', '6X40HC', 'OOLU9432511 /OOLGWU1485  CBHU8899785 /OOLGWU1437  OOLU9212332 /OOLGWU1474  CSNU7541748 /OOLGWU1478  FCIU9650542 /OOLGWU1470  FFAU1777662 /OOLGWU1431', 6480, '8', 156420.00, 0.00, 360, 'ADELAIDE', 'Jakarta', '2022-03-27', '2022-04-04', '797', 'EC182249051  28MAR2022', 'NO', '2022-04-04', '2022-04-04', '0000-00-00', '0000-00-00', '2022-04-06', '0000-00-00', '2022-04-08', 'DHL AWB: 3281492476', 14351.00, 54747.00, 0.00, 11.000, 2.500, 0.00, 21544000.00, 34387113.00, 0, 'NaN Days', '4', '0', '785674197', '55931113', '0', 'MGM', 1, '2022-06-27 14:20:52', 4, '06', '2022', '2022-07-29 13:42:10', 4),
	(42, '', 'TBS-01-001/03/2022', 'Tobe Network', 'Dongsuh', '3', 'XCP5', '3', '2106.903', '', '3', '', 'HDMUSELA02701700', '1X40', 'HDMUSELA02701700', 960, '3', 24768.00, 24000.00, 60, 'BUSAN, KOREA', 'SEMARANG', '2022-03-23', '2022-04-08', '1195', '', 'NO', '2022-04-07', '2022-04-06', '0000-00-00', '0000-00-00', '2022-04-06', '0000-00-00', '2022-04-11', 'DHL: 4131184105  Doc baru diterima 7apr dari DHL, BL Ori u/pickup DO IMPORT belum terlaksana', 14318.00, 54480.00, 0.00, 11.000, 2.500, 0.00, 3750000.00, 4998950.00, 0, 'NaN Days', '3', '0', '780044640', '8748950', '0', 'AEROSWAN', 1, '2022-06-30 11:10:26', 4, '06', '2022', '2022-07-29 13:41:11', 4),
	(43, 'PTG048', 'PTG048', 'J.T JOHNSON AND SONS PTY. LTD', '', '1', 'OATEN HAY', '2', '1214.9', 'NO LARTAS', '3', '', 'OOLU2693159040', '4X40HC', 'TEMU8530511 / OOLGWU1477 CBHU9158642 / OOLGWU1609 OOCU7737623 / OOLGWU1614 OOCU7143426 / OOLGWU1487', 4320, '8', 104560.00, 104560.00, 240, 'ADELAIDE', 'JAKARTA', '2022-04-09', '2022-04-17', '000809', 'EC182249785', 'NO', '2022-04-18', '2022-04-18', '0000-00-00', '0000-00-00', '2022-04-19', '0000-00-00', '2022-05-17', '', 14360.00, 36596.00, 0.00, 11.000, 2.500, 0.00, 13456300.00, 21354190.00, 76896550, '30 Days', '30', '0', '525518560', '34810490', '0', 'MGM', 1, '2022-06-30 11:16:00', 4, '06', '2022', '2022-07-29 13:40:54', 4),
	(44, '1000121', '', 'IPI S.R.L SOCIO UNICO', 'IPI S.R.L SOCIO UNICO', '1', 'ASEPTIC FILLER', '1', '8422.19', '', '3', '', 'GEN1364946', '3X40HC', '', 18, '1', 14587.00, 11020.00, 150, 'LA SPEZIA', 'Jakarta', '2022-03-07', '2022-04-23', '18430', 'NO', 'YES', '2022-03-18', '2022-04-25', '0000-00-00', '0000-00-00', '2022-04-26', '2022-04-25', '2022-04-27', 'DHL AWB: 3654102115', 16195.78, 831510.00, 0.35, 11.000, 2.500, 0.00, 23275000.00, 18466445.00, 0, 'NaN Days', '4', '0', '13466953027.800001', '4755175005', '0', 'AEROSWAN', 1, '2022-06-30 11:22:25', 4, '06', '2022', '2022-07-29 13:40:34', 4),
	(45, 'PI N.01-2022', 'N.112/E', 'SICEM S.R.L', '', '1', 'WHEAT HAY BIG BALES', '2', '1214.9', 'NO LARTAS', '3', 'RAN0018876', 'MEDULV102586', '14x40HC', 'SEE BL', 434, '8', 271460.00, 271460.00, 0, 'RAVENNA, IT', 'Jakarta', '2022-02-27', '2022-04-24', '2009', 'NO', 'NO', '2022-04-01', '2022-05-09', '0000-00-00', '0000-00-00', '2022-05-09', '0000-00-00', '2022-06-06', '', 15514.30, 66507.70, 5.00, 11.000, 2.500, 0.00, 4273500.00, 150722411.00, 377531000, 'NaN Days', '43', '0', '1031820410.1099999', '5314097962', '5', 'PJL', 1, '2022-06-30 11:29:16', 4, '06', '2022', '2022-07-29 13:40:11', 4),
	(46, 'S2208PVA019', '12484', 'SHANGHAI SANJIN IMPORT & EXPORT CO.,LTD', '', '2', 'MINI CROISSANT TRAY', '4', '8438.90.19', 'NO LARTAS', '5', 'HWX2204440', '', 'LCL', 'LCL', 3, '9', 1950.00, 1750.00, 4, 'SHANGHAI', 'JAKARTA', '2022-04-29', '2022-05-06', '2097', 'E220625970410009', 'NO', '0000-00-00', '2022-05-09', '0000-00-00', '0000-00-00', '2022-05-10', '0000-00-00', '2022-05-11', '', 14353.00, 20161.64, 0.00, 11.000, 2.500, 2320000.00, 2553000.00, 5898217.00, 0, 'NaN Days', '5', '0', '289380018.92', '8451217', '0', 'PJL', 1, '2022-06-30 11:37:12', 4, '06', '2022', '2022-07-29 13:39:53', 4),
	(47, 'PO-GDA/0062-14022022', '', 'IPI S.R.L SOCIO UNICO', '', '1', 'ASEPTIC PACKAGING MATERIAL', '3', '4811.59.00, 3923.50.90', 'IZIN PI Kehutanan : 04.PI-64.22.0008.2', '', '', '910-15583256', 'AIR', 'OMAN AIR', 4, '7', 696.00, 0.00, 1652, 'MXP MILAN', 'CGK', '2022-06-10', '2022-06-12', '13674', '', 'NO', '0000-00-00', '2022-06-15', '0000-00-00', '0000-00-00', '2022-06-16', '0000-00-00', '2022-06-17', '', 15448.54, 1626.03, 5.00, 11.000, 2.500, 0.00, 7867600.00, 10161252.00, 0, 'NaN Days', '5', '1', '25119789.496200003', '143627799', '6', ' AEROSWAN', 1, '2022-06-30 11:59:37', 4, '06', '2022', '2022-07-04 14:44:35', 2),
	(48, 'PO/SKP/088-25042022', '', 'Kerry Ingredients', '', '3', 'KERRYKREEM L-8094 FOAMING CREAMER', '3', '21069030', 'SKI BPOM: ST.06.04.104.1045.06.22.008991', '3', '', 'ONEYJHBC12117900', '3x40', '"BMOU5388502 / MY545610A TGBU4612057 / MY545896A GCXU5237425 / MY545895A"', 32400, '3', 33631.20, 32400.00, 0, 'PASIR GUDANG, MALAYSIA', 'SEMARANG', '2022-06-17', '2022-06-24', '1212', 'FORM D : KL-202206-CCF-232329-K-059885', 'NO', '0000-00-00', '2022-06-24', '0000-00-00', '0000-00-00', '2022-06-27', '0000-00-00', '2022-06-29', 'DHL AWB 2606959014', 14744.00, 120852.00, 0.00, 11.000, 2.500, 0.00, 0.00, 0.00, 0, 'NaN Days', '5', '0', '1781841888', '0', '0', ' AEROSWAN', 1, '2022-07-01 10:14:22', 4, '07', '2022', NULL, NULL),
	(49, 'PO-SKP/087-18042022-2', 'SO#19189977', 'Kerry Ingredients', '', '3', 'KERRYKREEM L-8094 FOAMING CREAMER', '3', '21069030', 'SKI BPOM: ST.06.04.104.1045.06.22.009059', '3', '', 'ONEYJHBC10046800', '2X40', '"FFAU1864957 / MY545985A  TCLU8517019 / MY544763A"', 2160, '3', 22420.80, 2160.00, 0, 'PASIR GUDANG, MALAYSIA', 'SEMARANG', '2022-06-19', '2022-07-04', '1213', 'FORM D : KL-202206-CCF-232329-K-060779', 'NO', '0000-00-00', '0000-00-00', '0000-00-00', '0000-00-00', '0000-00-00', '0000-00-00', NULL, 'DHL AWB : 7711825855', 14837.00, 80568.00, 0.00, 11.000, 2.500, 0.00, 0.00, 0.00, 0, 'NaN Days', '', '0', '1195387416', '0', '0', 'AEROSWAN', 1, '2022-07-01 10:37:20', 4, '07', '2022', NULL, NULL),
	(50, '', '', 'Tobe Network', '', '3', 'CREAMER XCP5 25KG/BAG', '3', '2106.90.30', 'SKI / BPOM :', '3', '', 'HDMUSELA60063400', '1x40HC', 'HMMU6053055 / 212081563 ', 960, '3', 24768.00, 24000.00, 60, 'BUSAN, KOREA', 'SEMARANG', '2022-06-26', '2022-07-07', '1215', '', 'NO', '0000-00-00', '0000-00-00', '0000-00-00', '0000-00-00', '0000-00-00', '0000-00-00', NULL, '', 0.00, 58800.00, 0.00, 11.000, 2.500, 0.00, 0.00, 0.00, 0, 'NaN Days', '', 'NaN', '0', '0', '0', 'AEROSWAN', 1, '2022-07-01 10:40:41', 4, '07', '2022', NULL, NULL),
	(51, '', 'AF22INPTB01', 'ANGEL YEAST HONGKONG CO., LIMITED', '', '2', 'INACTIVE YEAST', '3', '210220', 'SKI / BPOM :', '3', '', 'EURFL22603039JKT', '1X20', 'SEGU2391599/CD653128', 30, '3', 790.00, 750.00, 3, 'SHANGHAI', 'JAKARTA', '2022-06-28', '2022-07-07', '', 'FORM E : E222717563440596', 'NO', '0000-00-00', '0000-00-00', '0000-00-00', '0000-00-00', '0000-00-00', '0000-00-00', NULL, '', 0.00, 1575.00, 0.00, 11.000, 2.500, 0.00, 0.00, 0.00, 0, 'NaN Days', '', 'NaN', '0', '0', '0', 'MGM', 1, '2022-07-01 10:44:21', 4, '07', '2022', NULL, NULL),
	(52, '', '', 'Comfort Hoof Care', '', '1', '"BOND365 40- APPLICATION BULK"', '3', '3505.20.00', '', '5', '', '2625147394', 'AIR', 'AIR BY (DHL)', 1, '1', 63.00, 0.00, 0, 'USA', 'JAKARTA', '2022-06-26', '2022-07-01', '', '', 'NO', '0000-00-00', '0000-00-00', '0000-00-00', '0000-00-00', '0000-00-00', '0000-00-00', NULL, '', 0.00, 1.00, 5.00, 11.000, 2.500, 0.00, 0.00, 0.00, 0, 'NaN Days', '', 'NaN', 'NaN', 'NaN', '0', 'DHL', 1, '2022-07-01 10:46:57', 4, '07', '2022', NULL, NULL),
	(53, '', '', 'IPI S.r.l. Socio Unico ', '', '1', 'SUPRALUBE 2000 ', '3', '34029091', 'NO LARTAS', '3', '100.168', ' 910 - 1567 3066', 'AIR', 'OMAN AIR', 13, '7', 130.00, 96.00, 0, 'ITALY', 'CGK', '2022-07-08', '2022-07-11', '', '', 'NO', '0000-00-00', '0000-00-00', '0000-00-00', '0000-00-00', '0000-00-00', '0000-00-00', NULL, '', 0.00, 1.00, 5.00, 11.000, 2.500, 0.00, 0.00, 0.00, 0, 'NaN Days', '', 'NaN', 'NaN', 'NaN', '0', 'AEROSWAN', 1, '2022-07-01 10:50:47', 4, '07', '2022', NULL, NULL);

-- Dumping structure for table gpd_gexp.gimp_eta_pib
DROP TABLE IF EXISTS `gimp_eta_pib`;
CREATE TABLE IF NOT EXISTS `gimp_eta_pib` (
  `etapib_id` int(11) NOT NULL AUTO_INCREMENT,
  `etapib_shipper` varchar(255) DEFAULT NULL,
  `etapib_po` varchar(255) DEFAULT NULL,
  `etapib_consignee` varchar(255) DEFAULT NULL,
  `etapib_commodity` varchar(255) DEFAULT NULL,
  `etapib_BL_no` varchar(255) DEFAULT NULL,
  `etapib_pol` varchar(255) DEFAULT NULL,
  `etapib_pod` varchar(255) DEFAULT NULL,
  `etapib_etd` varchar(255) DEFAULT NULL,
  `etapib_eta` varchar(255) DEFAULT NULL,
  `etapib_pib_aju` varchar(255) DEFAULT NULL,
  `etapib_currency` varchar(255) DEFAULT NULL,
  `etapib_CIF` varchar(255) DEFAULT NULL,
  `etapib_Duty` varchar(255) DEFAULT NULL,
  `etapib_Vat` varchar(255) DEFAULT NULL,
  `etapib_Tax` varchar(255) DEFAULT NULL,
  `etapib_CIF_2` varchar(255) DEFAULT NULL,
  `etapib_Duty_2` varchar(255) DEFAULT NULL,
  `etapib_Vat_2` varchar(255) DEFAULT NULL,
  `etapib_Tax_2` varchar(255) DEFAULT NULL,
  `etapib_estimasi` varchar(255) DEFAULT NULL,
  `etapib_aktual_pembulatan` varchar(255) DEFAULT NULL,
  `etapib_create_month` varchar(255) DEFAULT NULL,
  `etapib_create_years` varchar(255) DEFAULT NULL,
  `etapib_createdAt` datetime DEFAULT NULL,
  `etapib_createdBy` int(11) DEFAULT NULL,
  `etapib_stats` int(11) DEFAULT NULL,
  `etapib_updatedAt` datetime DEFAULT NULL,
  `etapib_updatedBy` int(11) DEFAULT NULL,
  PRIMARY KEY (`etapib_id`)
) ENGINE=InnoDB AUTO_INCREMENT=4 DEFAULT CHARSET=utf8mb4;

-- Dumping data for table gpd_gexp.gimp_eta_pib: ~3 rows (approximately)
DELETE FROM `gimp_eta_pib`;
INSERT INTO `gimp_eta_pib` (`etapib_id`, `etapib_shipper`, `etapib_po`, `etapib_consignee`, `etapib_commodity`, `etapib_BL_no`, `etapib_pol`, `etapib_pod`, `etapib_etd`, `etapib_eta`, `etapib_pib_aju`, `etapib_currency`, `etapib_CIF`, `etapib_Duty`, `etapib_Vat`, `etapib_Tax`, `etapib_CIF_2`, `etapib_Duty_2`, `etapib_Vat_2`, `etapib_Tax_2`, `etapib_estimasi`, `etapib_aktual_pembulatan`, `etapib_create_month`, `etapib_create_years`, `etapib_createdAt`, `etapib_createdBy`, `etapib_stats`, `etapib_updatedAt`, `etapib_updatedBy`) VALUES
	(1, 'SICEM S.R.L', '5', '1', 'WHEAT HAY BIG BALES', '', 'RAVENNA, IT', 'Jakarta', '2022-04-07', '2022-05-19', '830', '1526371.00', '6198500.00', '5.00', '11.000', '2.500', '9461210643500', '47306053217500', '104073317078500', '23653026608750', '175032396904750', '18142000000', '05', '2022', '2022-05-23 08:29:59', NULL, 1, NULL, NULL),
	(2, 'KERRY INGREDIENTS (M) SDN. BHD.', '2', '3', 'KERRYKREEM L-8094 FOAMING CREAMER IMPORTING COUNTRY', '', 'MALAYSIA', 'SEMARANG', '2022-05-15', '2022-05-27', '', '14441.00', '80568.00', '0.00', '11.000', '2.500', '846367704', '0', '9310044744', '2115919260', '11425964004', '15843000000', '05', '2022', '2022-05-23 08:33:30', NULL, 1, NULL, NULL),
	(3, 'LIL ORBITS', '3', '2', 'PANCAKE MACHINE  COMPLETE UNI – MATIC W/DRIVE MOTORS', '', 'USA', 'Jakarta', '', '', '', '0.00', '6295.00', '0.00', '11.000', '2.500', '0', '0', '0', '0', '0', '1.758.300.000', '07', '2022', '2022-07-01 15:05:31', NULL, 2, NULL, NULL);

-- Dumping structure for table gpd_gexp.gimp_mt_category
DROP TABLE IF EXISTS `gimp_mt_category`;
CREATE TABLE IF NOT EXISTS `gimp_mt_category` (
  `mt_categori_id` int(11) NOT NULL AUTO_INCREMENT,
  `mt_categori_name` varchar(255) DEFAULT NULL,
  `mt_categori_stats` int(11) DEFAULT 1,
  `mt_categori_month` varchar(50) DEFAULT NULL,
  `mt_categori_year` varchar(50) DEFAULT NULL,
  `mt_categori_createdAt` datetime DEFAULT NULL,
  `mt_categori_createdBy` int(11) DEFAULT NULL,
  `mt_categori_updatedAt` datetime DEFAULT NULL,
  `mt_categori_updatedBy` int(11) DEFAULT NULL,
  PRIMARY KEY (`mt_categori_id`)
) ENGINE=InnoDB AUTO_INCREMENT=10 DEFAULT CHARSET=utf8mb4;

-- Dumping data for table gpd_gexp.gimp_mt_category: ~9 rows (approximately)
DELETE FROM `gimp_mt_category`;
INSERT INTO `gimp_mt_category` (`mt_categori_id`, `mt_categori_name`, `mt_categori_stats`, `mt_categori_month`, `mt_categori_year`, `mt_categori_createdAt`, `mt_categori_createdBy`, `mt_categori_updatedAt`, `mt_categori_updatedBy`) VALUES
	(1, 'MACHINE', 1, '03', '2022', '2022-03-15 13:46:51', NULL, NULL, NULL),
	(2, 'HAY', 1, '03', '2022', '2022-03-15 14:16:57', 1, NULL, NULL),
	(3, 'MATERIAL', 1, '03', '2022', '2022-03-15 14:19:21', 1, NULL, NULL),
	(4, 'SPARE PARTS', 1, '03', '2022', '2022-03-15 14:19:40', 1, NULL, NULL),
	(5, 'BEARING', 3, '03', '2022', '2022-03-15 14:19:57', 1, '2022-04-07 11:41:44', NULL),
	(6, 'TESTEDIT', 3, '03', '2022', '2022-03-22 09:18:31', 1, '2022-03-22 09:33:24', NULL),
	(7, '&^%$1214$@%)(KGBJFCHNAKHWFAOIUHNBVGFF2G9^*%&^%&^%$1214$@%)(KGBJFCHNAKHWFAOIUHNBVGFF2G9^*%&^%&^%$1214$@%)(KGBJFCHNAKHWFAOIUHNBVGFF2G9^*%&^%', 3, '03', '2022', '2022-03-23 09:22:47', 1, '2022-03-23 09:31:47', NULL),
	(8, '&^%$1214', 3, '03', '2022', '2022-03-23 09:32:29', 1, '2022-03-23 10:02:21', NULL),
	(9, 'TEST', 3, '03', '2022', '2022-03-23 13:18:54', 1, '2022-03-23 13:23:42', NULL);

-- Dumping structure for table gpd_gexp.gimp_mt_uom
DROP TABLE IF EXISTS `gimp_mt_uom`;
CREATE TABLE IF NOT EXISTS `gimp_mt_uom` (
  `mt_uom_id` int(11) NOT NULL AUTO_INCREMENT,
  `mt_uom_name` varchar(255) DEFAULT NULL,
  `mt_uom_stats` int(11) DEFAULT 1,
  `mt_uom_month` varchar(255) DEFAULT NULL,
  `mt_uom_year` varchar(255) DEFAULT NULL,
  `mt_uom_createdAt` datetime DEFAULT NULL,
  `mt_uom_createdBy` int(11) DEFAULT NULL,
  `mt_uom_updatedAt` datetime DEFAULT NULL,
  `mt_uom_updatedBy` int(11) DEFAULT NULL,
  PRIMARY KEY (`mt_uom_id`)
) ENGINE=InnoDB AUTO_INCREMENT=11 DEFAULT CHARSET=utf8mb4;

-- Dumping data for table gpd_gexp.gimp_mt_uom: ~10 rows (approximately)
DELETE FROM `gimp_mt_uom`;
INSERT INTO `gimp_mt_uom` (`mt_uom_id`, `mt_uom_name`, `mt_uom_stats`, `mt_uom_month`, `mt_uom_year`, `mt_uom_createdAt`, `mt_uom_createdBy`, `mt_uom_updatedAt`, `mt_uom_updatedBy`) VALUES
	(1, 'PACKAGE', 1, '03', '2022', '2022-03-15 14:25:08', NULL, '2022-04-07 11:41:28', NULL),
	(2, 'UNIT', 1, '03', '2022', '2022-03-15 14:30:38', NULL, '2022-04-07 11:39:45', NULL),
	(3, 'BAG', 1, '03', '2022', '2022-03-15 14:30:48', NULL, '2022-04-07 11:40:23', NULL),
	(4, 'TESTEDIT', 3, '03', '2022', '2022-03-22 09:55:20', NULL, '2022-03-22 10:03:55', NULL),
	(5, '', 3, '03', '2022', '2022-03-23 13:28:56', NULL, '2022-03-23 15:52:34', NULL),
	(6, '', 3, '03', '2022', '2022-03-23 15:52:15', NULL, '2022-03-23 15:52:54', NULL),
	(7, 'CARTON', 1, '04', '2022', '2022-04-07 11:40:47', NULL, NULL, NULL),
	(8, 'BALE', 1, '04', '2022', '2022-04-07 11:40:58', NULL, NULL, NULL),
	(9, 'PALLET', 1, '05', '2022', '2022-05-24 14:41:21', NULL, NULL, NULL),
	(10, 'SET', 1, '06', '2022', '2022-06-06 11:42:31', NULL, NULL, NULL);

-- Dumping structure for table gpd_gexp.gimp_user
DROP TABLE IF EXISTS `gimp_user`;
CREATE TABLE IF NOT EXISTS `gimp_user` (
  `user_id` int(11) NOT NULL AUTO_INCREMENT,
  `user_username` varchar(255) DEFAULT NULL,
  `user_pass` varchar(255) DEFAULT NULL,
  `user_encrypt` text DEFAULT NULL,
  `user_nip` varchar(255) DEFAULT NULL,
  `user_accountname` varchar(255) DEFAULT NULL,
  `user_email` varchar(255) DEFAULT NULL,
  `user_phone` varchar(255) DEFAULT NULL,
  `user_status` int(11) DEFAULT 1 COMMENT '1=Active 2=Not Active',
  `user_isOnline` int(11) DEFAULT NULL,
  `user_createdAt` datetime DEFAULT NULL,
  `user_createdBy` int(11) DEFAULT NULL,
  `user_updatedAt` datetime DEFAULT NULL,
  `user_updatedBy` int(11) DEFAULT NULL,
  `user_lastlogin` datetime DEFAULT NULL,
  `user_role` int(11) DEFAULT NULL,
  PRIMARY KEY (`user_id`)
) ENGINE=InnoDB AUTO_INCREMENT=6 DEFAULT CHARSET=utf8mb4;

-- Dumping data for table gpd_gexp.gimp_user: ~5 rows (approximately)
DELETE FROM `gimp_user`;
INSERT INTO `gimp_user` (`user_id`, `user_username`, `user_pass`, `user_encrypt`, `user_nip`, `user_accountname`, `user_email`, `user_phone`, `user_status`, `user_isOnline`, `user_createdAt`, `user_createdBy`, `user_updatedAt`, `user_updatedBy`, `user_lastlogin`, `user_role`) VALUES
	(1, 'root01', '9ce24e992f6fd80fa3128be11b1a7525', 'Y2U1NWVmMzkyNDZhZjVlOWE4OWI5MGY1MmQyZjA0M2FhNmFmMjA0Ng==', '7021523', 'IT_Developer', 'Muhammad.Rifky@gonusa-distribusi.com', '085695332565', 1, NULL, NULL, 1, NULL, NULL, '2022-06-07 17:43:15', 1),
	(2, 'ricki.harlis', '827ccb0eea8a706c4c34a16891f84e7b', 'ZmU3MDNkMjU4YzdlZjVmNTBiNzFlMDY1NjVhNjVhYTA3MTk0OTA3Zg==', '-', 'Ricki.Harlis', 'ricki.harlis@sumberkopiprima.com', '-', 1, NULL, NULL, 1, NULL, NULL, '2022-09-19 17:28:33', 2),
	(3, 'selby.hendra', '827ccb0eea8a706c4c34a16891f84e7b', 'ZmU3MDNkMjU4YzdlZjVmNTBiNzFlMDY1NjVhNjVhYTA3MTk0OTA3Zg==', '-', 'Selby.Hendra', 'selby.hendra@gonusa-distribusi.com', '-', 1, NULL, NULL, 1, NULL, NULL, '2022-04-18 11:56:35', 2),
	(4, 'lingga.pradipta', '827ccb0eea8a706c4c34a16891f84e7b', 'ZmU3MDNkMjU4YzdlZjVmNTBiNzFlMDY1NjVhNjVhYTA3MTk0OTA3Zg==', '-', 'Lingga.Pradipta', 'lingga.e.pradipta@sumberkopiprima.com', '-', 1, NULL, NULL, 1, NULL, NULL, '2022-07-29 13:37:55', 2),
	(5, 'support', '81dc9bdb52d04dc20036dbd8313ed055', NULL, '0', 'IT SUPPORT', 'it.support@gonusa-distribusi.com', '0', 1, NULL, '2022-04-18 11:32:38', 2, '2022-04-18 11:32:49', 2, NULL, 1);

-- Dumping structure for table gpd_gexp.master_balance_payment
DROP TABLE IF EXISTS `master_balance_payment`;
CREATE TABLE IF NOT EXISTS `master_balance_payment` (
  `id` tinyint(4) NOT NULL AUTO_INCREMENT,
  `name` varchar(50) NOT NULL,
  `is_deleted` enum('0','1') NOT NULL DEFAULT '0',
  PRIMARY KEY (`id`)
) ENGINE=InnoDB AUTO_INCREMENT=3 DEFAULT CHARSET=utf8mb4;

-- Dumping data for table gpd_gexp.master_balance_payment: ~2 rows (approximately)
DELETE FROM `master_balance_payment`;
INSERT INTO `master_balance_payment` (`id`, `name`, `is_deleted`) VALUES
	(1, 'Down payment', '0'),
	(2, 'All payment', '0');

-- Dumping structure for table gpd_gexp.master_bank
DROP TABLE IF EXISTS `master_bank`;
CREATE TABLE IF NOT EXISTS `master_bank` (
  `id` tinyint(4) NOT NULL AUTO_INCREMENT,
  `code` varchar(20) NOT NULL,
  `name` varchar(100) NOT NULL,
  `account` varchar(20) NOT NULL,
  `branch` text NOT NULL,
  `address` text NOT NULL,
  `swift_code` varchar(20) NOT NULL,
  `created_at` timestamp NOT NULL DEFAULT current_timestamp(),
  `updated_at` datetime DEFAULT NULL,
  `is_deleted` enum('0','1') NOT NULL DEFAULT '0' COMMENT '0 = No; 1 = Yes;',
  PRIMARY KEY (`id`),
  UNIQUE KEY `code` (`code`)
) ENGINE=InnoDB AUTO_INCREMENT=3 DEFAULT CHARSET=utf8mb4;

-- Dumping data for table gpd_gexp.master_bank: ~2 rows (approximately)
DELETE FROM `master_bank`;
INSERT INTO `master_bank` (`id`, `code`, `name`, `account`, `branch`, `address`, `swift_code`, `created_at`, `updated_at`, `is_deleted`) VALUES
	(1, '01', 'DBS INDONESIA', '3220119139', 'DBS BANK TOWER BRANCH', 'JL. PROF. DR. SATRIO KAV 3-5, CIPUTRA WORLD JAKARTA 12940', 'dbsbidja', '2022-08-22 07:50:52', NULL, '0'),
	(2, '02', 'АО «ForteBank»', 'KZ6896502F0012782447', 'NUR SULTAN', '010000, KAZAKHSTAN, G. NUR-SULTAN, R-N ESIL, UL. B', 'irtykzka', '2022-08-24 08:28:46', NULL, '0');

-- Dumping structure for table gpd_gexp.master_beneficiary
DROP TABLE IF EXISTS `master_beneficiary`;
CREATE TABLE IF NOT EXISTS `master_beneficiary` (
  `id` tinyint(4) NOT NULL AUTO_INCREMENT,
  `company_name` varchar(100) NOT NULL,
  `office` text NOT NULL,
  `address` text NOT NULL,
  `country_id` tinyint(4) NOT NULL,
  `cp_name` varchar(100) NOT NULL,
  `phone` varchar(20) DEFAULT NULL,
  `created_at` timestamp NOT NULL DEFAULT current_timestamp(),
  `updated_at` datetime DEFAULT NULL,
  `is_deleted` enum('0','1') NOT NULL DEFAULT '0' COMMENT '0 = No; 1 = Yes;',
  PRIMARY KEY (`id`),
  KEY `FK__master_country` (`country_id`),
  CONSTRAINT `FK__master_country` FOREIGN KEY (`country_id`) REFERENCES `master_country` (`id`) ON DELETE CASCADE ON UPDATE CASCADE
) ENGINE=InnoDB AUTO_INCREMENT=2 DEFAULT CHARSET=utf8mb4;

-- Dumping data for table gpd_gexp.master_beneficiary: ~0 rows (approximately)
DELETE FROM `master_beneficiary`;
INSERT INTO `master_beneficiary` (`id`, `company_name`, `office`, `address`, `country_id`, `cp_name`, `phone`, `created_at`, `updated_at`, `is_deleted`) VALUES
	(1, 'PT. SUMBER KOPI PRIMA', ' JL. LINGKAR TIMUR', 'LORAM WETAN, JATI,  KAB. KUDUS, JAWA TENGAH, 59344', 7, 'EVI SUSANTI', '085774439141', '2022-08-22 10:50:41', NULL, '0');

-- Dumping structure for table gpd_gexp.master_category
DROP TABLE IF EXISTS `master_category`;
CREATE TABLE IF NOT EXISTS `master_category` (
  `id` tinyint(4) NOT NULL AUTO_INCREMENT,
  `name` varchar(50) NOT NULL,
  `created_at` timestamp NOT NULL DEFAULT current_timestamp(),
  `created_by` tinyint(4) NOT NULL,
  `updated_at` datetime DEFAULT NULL,
  `updated_by` tinyint(4) DEFAULT NULL,
  `is_deleted` enum('0','1') NOT NULL DEFAULT '0',
  PRIMARY KEY (`id`),
  KEY `FK_master_category_master_user` (`created_by`),
  KEY `FK_master_category_master_user_2` (`updated_by`),
  CONSTRAINT `FK_master_category_master_user` FOREIGN KEY (`created_by`) REFERENCES `master_user` (`id`) ON DELETE CASCADE ON UPDATE CASCADE,
  CONSTRAINT `FK_master_category_master_user_2` FOREIGN KEY (`updated_by`) REFERENCES `master_user` (`id`) ON DELETE CASCADE ON UPDATE CASCADE
) ENGINE=InnoDB AUTO_INCREMENT=5 DEFAULT CHARSET=utf8mb4;

-- Dumping data for table gpd_gexp.master_category: ~4 rows (approximately)
DELETE FROM `master_category`;
INSERT INTO `master_category` (`id`, `name`, `created_at`, `created_by`, `updated_at`, `updated_by`, `is_deleted`) VALUES
	(1, 'MACHINE', '2022-09-23 06:20:42', 1, NULL, NULL, '0'),
	(2, 'RUMPUT', '2022-09-23 06:25:42', 1, NULL, NULL, '0'),
	(3, 'MATERIAL', '2022-09-23 06:25:54', 1, NULL, NULL, '0'),
	(4, 'SPARE PART', '2022-09-23 06:26:06', 1, NULL, NULL, '0');

-- Dumping structure for table gpd_gexp.master_coding_type
DROP TABLE IF EXISTS `master_coding_type`;
CREATE TABLE IF NOT EXISTS `master_coding_type` (
  `id` tinyint(4) NOT NULL AUTO_INCREMENT,
  `name` varchar(50) NOT NULL,
  `is_deleted` enum('0','1') NOT NULL DEFAULT '0' COMMENT '0 = No; 1 = Yes;',
  PRIMARY KEY (`id`)
) ENGINE=InnoDB AUTO_INCREMENT=4 DEFAULT CHARSET=utf8mb4;

-- Dumping data for table gpd_gexp.master_coding_type: ~3 rows (approximately)
DELETE FROM `master_coding_type`;
INSERT INTO `master_coding_type` (`id`, `name`, `is_deleted`) VALUES
	(1, 'Sachet', '0'),
	(2, 'Pouch', '0'),
	(3, 'Case', '0');

-- Dumping structure for table gpd_gexp.master_consignee
DROP TABLE IF EXISTS `master_consignee`;
CREATE TABLE IF NOT EXISTS `master_consignee` (
  `id` tinyint(4) NOT NULL AUTO_INCREMENT,
  `code` varchar(5) NOT NULL,
  `name` varchar(50) NOT NULL,
  `created_at` timestamp NOT NULL DEFAULT current_timestamp(),
  `created_by` tinyint(4) NOT NULL,
  `updated_at` datetime DEFAULT NULL,
  `updated_by` tinyint(4) DEFAULT NULL,
  `is_deleted` enum('0','1') NOT NULL DEFAULT '0' COMMENT '0 = No; 1 = Yes;',
  PRIMARY KEY (`id`),
  UNIQUE KEY `code` (`code`),
  KEY `FK_master_consignee_master_user` (`created_by`),
  KEY `FK_master_consignee_master_user_2` (`updated_by`),
  CONSTRAINT `FK_master_consignee_master_user` FOREIGN KEY (`created_by`) REFERENCES `master_user` (`id`) ON DELETE CASCADE ON UPDATE CASCADE,
  CONSTRAINT `FK_master_consignee_master_user_2` FOREIGN KEY (`updated_by`) REFERENCES `master_user` (`id`) ON DELETE CASCADE ON UPDATE CASCADE
) ENGINE=InnoDB AUTO_INCREMENT=4 DEFAULT CHARSET=utf8mb4;

-- Dumping data for table gpd_gexp.master_consignee: ~3 rows (approximately)
DELETE FROM `master_consignee`;
INSERT INTO `master_consignee` (`id`, `code`, `name`, `created_at`, `created_by`, `updated_at`, `updated_by`, `is_deleted`) VALUES
	(1, 'GDA', 'PT. GLOBAL DAIRI ALAMI', '2022-09-23 08:09:15', 1, NULL, NULL, '0'),
	(2, 'PTB', 'PT. PRIMA TOB BOGA', '2022-09-23 08:09:41', 1, NULL, NULL, '0'),
	(3, 'SKP', 'PT. SUMBER KOPI PRIMA', '2022-09-23 08:09:58', 1, NULL, NULL, '0');

-- Dumping structure for table gpd_gexp.master_container
DROP TABLE IF EXISTS `master_container`;
CREATE TABLE IF NOT EXISTS `master_container` (
  `id` tinyint(4) NOT NULL AUTO_INCREMENT,
  `name` varchar(50) NOT NULL,
  `max_cbm` decimal(3,0) NOT NULL DEFAULT 0,
  `created_at` timestamp NOT NULL DEFAULT current_timestamp(),
  `updated_at` datetime DEFAULT NULL,
  `is_deleted` enum('0','1') NOT NULL DEFAULT '0' COMMENT '0 = No; 1 = Yes;',
  PRIMARY KEY (`id`)
) ENGINE=InnoDB AUTO_INCREMENT=4 DEFAULT CHARSET=utf8mb4;

-- Dumping data for table gpd_gexp.master_container: ~3 rows (approximately)
DELETE FROM `master_container`;
INSERT INTO `master_container` (`id`, `name`, `max_cbm`, `created_at`, `updated_at`, `is_deleted`) VALUES
	(1, '20 FT', 33, '2022-08-19 03:14:52', NULL, '0'),
	(2, '40 FT', 67, '2022-08-19 03:14:52', NULL, '0'),
	(3, '40 HC', 75, '2022-08-19 03:14:52', NULL, '0');

-- Dumping structure for table gpd_gexp.master_country
DROP TABLE IF EXISTS `master_country`;
CREATE TABLE IF NOT EXISTS `master_country` (
  `id` tinyint(4) NOT NULL AUTO_INCREMENT,
  `code` varchar(5) NOT NULL,
  `name` varchar(50) NOT NULL,
  `created_at` timestamp NOT NULL DEFAULT current_timestamp(),
  `updated_at` datetime DEFAULT NULL,
  `is_deleted` enum('0','1') NOT NULL DEFAULT '0' COMMENT '0 = No; 1 = Yes;',
  PRIMARY KEY (`id`) USING BTREE,
  UNIQUE KEY `code` (`code`)
) ENGINE=InnoDB AUTO_INCREMENT=29 DEFAULT CHARSET=utf8mb4 ROW_FORMAT=DYNAMIC;

-- Dumping data for table gpd_gexp.master_country: ~28 rows (approximately)
DELETE FROM `master_country`;
INSERT INTO `master_country` (`id`, `code`, `name`, `created_at`, `updated_at`, `is_deleted`) VALUES
	(1, 'KHM', 'Cambodia', '2022-08-19 03:06:27', NULL, '0'),
	(2, 'CAN', 'Canada', '2022-08-19 03:06:27', NULL, '0'),
	(3, 'CHN', 'China', '2022-08-19 03:06:27', NULL, '0'),
	(4, 'DOM', 'Dominican Republic', '2022-08-19 03:06:27', NULL, '0'),
	(5, 'ETH', 'Ethiopia', '2022-08-19 03:06:27', NULL, '0'),
	(6, 'FRA', 'France', '2022-08-19 03:06:27', NULL, '0'),
	(7, 'IDN', 'Indonesia', '2022-08-19 03:06:27', NULL, '0'),
	(8, 'JPN', 'Jepang', '2022-08-19 03:06:27', NULL, '0'),
	(9, 'POL', 'Polandia', '2022-08-19 03:06:27', NULL, '0'),
	(10, 'MYS', 'Malaysia', '2022-08-19 03:06:27', NULL, '0'),
	(11, 'USA', 'United States', '2022-08-19 03:06:27', NULL, '0'),
	(12, 'LBN', 'Lebanon', '2022-08-19 03:06:27', NULL, '0'),
	(13, 'AZE', 'Azerbaijan', '2022-08-19 03:06:27', NULL, '0'),
	(14, 'ZAF', 'South Africa', '2022-08-19 03:06:27', NULL, '0'),
	(15, 'JOR', 'Jordan', '2022-08-19 03:06:27', NULL, '0'),
	(16, 'BRN', 'Brunei Darussalam', '2022-08-19 03:06:27', NULL, '0'),
	(17, 'QAT', 'Qatar', '2022-08-19 03:06:27', NULL, '0'),
	(18, 'KOR', 'Republic Of Korea', '2022-08-19 03:06:27', NULL, '0'),
	(19, 'GEO', 'Georgia', '2022-08-19 03:06:27', NULL, '0'),
	(20, 'TLS', 'Timor Leste', '2022-08-19 03:06:27', NULL, '0'),
	(21, 'DEU', 'Germany', '2022-08-19 03:06:27', NULL, '0'),
	(22, 'AUS', 'Australia', '2022-08-19 03:06:27', NULL, '0'),
	(23, 'ITA', 'Italy', '2022-08-19 03:06:27', NULL, '0'),
	(24, 'PHL', 'Philippines', '2022-08-19 03:06:27', NULL, '0'),
	(25, 'GRC', 'Greece', '2022-08-19 03:06:27', NULL, '0'),
	(26, 'IRQ', 'Iraq', '2022-08-19 03:06:27', NULL, '0'),
	(27, 'TWN', 'Taiwan', '2022-08-19 03:06:27', NULL, '0'),
	(28, 'KAZ', 'Kazakhstan', '2022-08-19 03:06:27', NULL, '0');

-- Dumping structure for table gpd_gexp.master_currency
DROP TABLE IF EXISTS `master_currency`;
CREATE TABLE IF NOT EXISTS `master_currency` (
  `id` tinyint(4) NOT NULL AUTO_INCREMENT,
  `code` varchar(5) NOT NULL,
  `name` varchar(50) NOT NULL,
  `icon` varchar(5) NOT NULL,
  `spell` varchar(50) NOT NULL,
  `is_deleted` enum('0','1') NOT NULL DEFAULT '0' COMMENT '0 = No; 1 = Yes;',
  PRIMARY KEY (`id`) USING BTREE,
  UNIQUE KEY `icon` (`icon`) USING BTREE,
  UNIQUE KEY `code` (`code`) USING BTREE
) ENGINE=InnoDB AUTO_INCREMENT=4 DEFAULT CHARSET=utf8mb4 ROW_FORMAT=DYNAMIC;

-- Dumping data for table gpd_gexp.master_currency: ~3 rows (approximately)
DELETE FROM `master_currency`;
INSERT INTO `master_currency` (`id`, `code`, `name`, `icon`, `spell`, `is_deleted`) VALUES
	(1, 'IDR', 'Rupiah', 'Rp', 'Rupiah', '0'),
	(2, 'CNY', 'Renminbi', '¥', 'Yuan', '0'),
	(3, 'USD', 'United States Dollar', '$', 'Dollar', '0');

-- Dumping structure for table gpd_gexp.master_customer
DROP TABLE IF EXISTS `master_customer`;
CREATE TABLE IF NOT EXISTS `master_customer` (
  `id` smallint(6) NOT NULL AUTO_INCREMENT,
  `code` varchar(20) NOT NULL,
  `company_name` varchar(100) NOT NULL COMMENT 'cust consignee name = company name',
  `address` text NOT NULL,
  `town` varchar(100) NOT NULL,
  `country_id` tinyint(4) NOT NULL,
  `phone_no` varchar(20) NOT NULL,
  `created_at` timestamp NOT NULL DEFAULT current_timestamp(),
  `created_by` tinyint(4) NOT NULL,
  `updated_at` datetime DEFAULT NULL,
  `updated_by` tinyint(4) DEFAULT NULL,
  `is_deleted` enum('0','1') NOT NULL DEFAULT '0' COMMENT '0 = No; 1 = Yes;',
  PRIMARY KEY (`id`),
  UNIQUE KEY `code` (`code`),
  KEY `FK_master_customer_consignee_master_country` (`country_id`),
  KEY `FK_master_customer_master_user` (`created_by`),
  KEY `FK_master_customer_master_user_2` (`updated_by`),
  CONSTRAINT `FK_master_customer_consignee_master_country` FOREIGN KEY (`country_id`) REFERENCES `master_country` (`id`) ON DELETE CASCADE ON UPDATE CASCADE,
  CONSTRAINT `FK_master_customer_master_user` FOREIGN KEY (`created_by`) REFERENCES `master_user` (`id`) ON DELETE CASCADE ON UPDATE CASCADE,
  CONSTRAINT `FK_master_customer_master_user_2` FOREIGN KEY (`updated_by`) REFERENCES `master_user` (`id`) ON DELETE CASCADE ON UPDATE CASCADE
) ENGINE=InnoDB DEFAULT CHARSET=utf8mb4;

-- Dumping data for table gpd_gexp.master_customer: ~0 rows (approximately)
DELETE FROM `master_customer`;

-- Dumping structure for table gpd_gexp.master_customer_bank
DROP TABLE IF EXISTS `master_customer_bank`;
CREATE TABLE IF NOT EXISTS `master_customer_bank` (
  `id` smallint(6) NOT NULL AUTO_INCREMENT,
  `customer_id` smallint(6) NOT NULL,
  `bank_id` tinyint(4) NOT NULL,
  `account_no` varchar(50) NOT NULL,
  `account_name` varchar(100) NOT NULL,
  `is_deleted` enum('0','1') NOT NULL DEFAULT '0' COMMENT '0 = No; 1 = Yes;',
  PRIMARY KEY (`id`),
  KEY `FK_master_customer_bank_master_bank` (`bank_id`),
  KEY `FK_master_customer_bank_master_customer` (`customer_id`),
  CONSTRAINT `FK_master_customer_bank_master_bank` FOREIGN KEY (`bank_id`) REFERENCES `master_bank` (`id`) ON DELETE CASCADE ON UPDATE CASCADE,
  CONSTRAINT `FK_master_customer_bank_master_customer` FOREIGN KEY (`customer_id`) REFERENCES `master_customer` (`id`) ON DELETE CASCADE ON UPDATE CASCADE
) ENGINE=InnoDB DEFAULT CHARSET=utf8mb4;

-- Dumping data for table gpd_gexp.master_customer_bank: ~0 rows (approximately)
DELETE FROM `master_customer_bank`;

-- Dumping structure for table gpd_gexp.master_customer_coding
DROP TABLE IF EXISTS `master_customer_coding`;
CREATE TABLE IF NOT EXISTS `master_customer_coding` (
  `id` smallint(6) NOT NULL AUTO_INCREMENT,
  `customer_id` smallint(6) DEFAULT NULL,
  `notes` varchar(200) DEFAULT NULL,
  `is_deleted` enum('0','1') DEFAULT '0' COMMENT '0 = No; 1 = Yes;',
  PRIMARY KEY (`id`),
  KEY `FK_master_customer_coding_master_customer` (`customer_id`),
  CONSTRAINT `FK_master_customer_coding_master_customer` FOREIGN KEY (`customer_id`) REFERENCES `master_customer` (`id`) ON DELETE CASCADE ON UPDATE CASCADE
) ENGINE=InnoDB DEFAULT CHARSET=utf8mb4;

-- Dumping data for table gpd_gexp.master_customer_coding: ~1 rows (approximately)
DELETE FROM `master_customer_coding`;

-- Dumping structure for table gpd_gexp.master_customer_coding_detail
DROP TABLE IF EXISTS `master_customer_coding_detail`;
CREATE TABLE IF NOT EXISTS `master_customer_coding_detail` (
  `id` smallint(6) NOT NULL AUTO_INCREMENT,
  `customer_coding_id` smallint(6) NOT NULL,
  `coding_type_id` tinyint(4) NOT NULL,
  `import_by` varchar(200) NOT NULL,
  `hotline` varchar(50) NOT NULL,
  `best_before` varchar(100) NOT NULL,
  `is_deleted` enum('0','1') NOT NULL DEFAULT '0' COMMENT '0 = No; 1 = Yes;',
  PRIMARY KEY (`id`) USING BTREE,
  KEY `FK_master_customer_coding_master_customer_coding_type` (`coding_type_id`) USING BTREE,
  KEY `FK_master_customer_coding_detail_master_customer_coding` (`customer_coding_id`),
  CONSTRAINT `FK_master_customer_coding_detail_master_customer_coding` FOREIGN KEY (`customer_coding_id`) REFERENCES `master_customer_coding` (`id`) ON DELETE CASCADE ON UPDATE CASCADE,
  CONSTRAINT `master_customer_coding_detail_ibfk_1` FOREIGN KEY (`coding_type_id`) REFERENCES `master_coding_type` (`id`) ON DELETE CASCADE ON UPDATE CASCADE
) ENGINE=InnoDB DEFAULT CHARSET=utf8mb4 ROW_FORMAT=DYNAMIC;

-- Dumping data for table gpd_gexp.master_customer_coding_detail: ~0 rows (approximately)
DELETE FROM `master_customer_coding_detail`;

-- Dumping structure for table gpd_gexp.master_customer_cp
DROP TABLE IF EXISTS `master_customer_cp`;
CREATE TABLE IF NOT EXISTS `master_customer_cp` (
  `id` smallint(6) NOT NULL AUTO_INCREMENT,
  `customer_id` smallint(6) NOT NULL,
  `name` varchar(100) NOT NULL,
  `phone_no` varchar(20) NOT NULL,
  `email` varchar(100) NOT NULL,
  `top_id` tinyint(4) NOT NULL,
  `dp` decimal(3,0) NOT NULL DEFAULT 0 COMMENT 'Format: percentage',
  `balancing` decimal(3,0) NOT NULL DEFAULT 0 COMMENT 'Format: percentage',
  `currency_id` tinyint(4) NOT NULL,
  `incoterm_id` tinyint(4) NOT NULL,
  `is_deleted` enum('0','1') NOT NULL DEFAULT '0' COMMENT '0 = No; 1 = Yes;',
  PRIMARY KEY (`id`),
  KEY `FK_master_customer_cp_master_top` (`top_id`),
  KEY `FK_master_customer_cp_master_currency` (`currency_id`),
  KEY `FK_master_customer_cp_master_incoterm` (`incoterm_id`),
  KEY `FK_master_customer_cp_master_customer` (`customer_id`),
  CONSTRAINT `FK_master_customer_cp_master_currency` FOREIGN KEY (`currency_id`) REFERENCES `master_currency` (`id`) ON DELETE CASCADE ON UPDATE CASCADE,
  CONSTRAINT `FK_master_customer_cp_master_customer` FOREIGN KEY (`customer_id`) REFERENCES `master_customer` (`id`) ON DELETE CASCADE ON UPDATE CASCADE,
  CONSTRAINT `FK_master_customer_cp_master_incoterm` FOREIGN KEY (`incoterm_id`) REFERENCES `master_incoterm` (`id`) ON DELETE CASCADE ON UPDATE CASCADE,
  CONSTRAINT `FK_master_customer_cp_master_top` FOREIGN KEY (`top_id`) REFERENCES `master_top` (`id`) ON DELETE CASCADE ON UPDATE CASCADE
) ENGINE=InnoDB DEFAULT CHARSET=utf8mb4;

-- Dumping data for table gpd_gexp.master_customer_cp: ~0 rows (approximately)
DELETE FROM `master_customer_cp`;

-- Dumping structure for table gpd_gexp.master_customer_cp_ship
DROP TABLE IF EXISTS `master_customer_cp_ship`;
CREATE TABLE IF NOT EXISTS `master_customer_cp_ship` (
  `id` smallint(6) NOT NULL AUTO_INCREMENT,
  `customer_id` smallint(6) DEFAULT NULL,
  `name` varchar(100) DEFAULT NULL,
  `phone` varchar(20) DEFAULT NULL,
  `email` varchar(100) DEFAULT NULL,
  `is_deleted` enum('0','1') DEFAULT '0' COMMENT '0 = No; 1 = Yes;',
  PRIMARY KEY (`id`),
  KEY `FK_master_customer_cp_ship_master_customer` (`customer_id`),
  CONSTRAINT `FK_master_customer_cp_ship_master_customer` FOREIGN KEY (`customer_id`) REFERENCES `master_customer` (`id`) ON DELETE CASCADE ON UPDATE CASCADE
) ENGINE=InnoDB DEFAULT CHARSET=utf8mb4;

-- Dumping data for table gpd_gexp.master_customer_cp_ship: ~0 rows (approximately)
DELETE FROM `master_customer_cp_ship`;

-- Dumping structure for table gpd_gexp.master_customer_import_doc
DROP TABLE IF EXISTS `master_customer_import_doc`;
CREATE TABLE IF NOT EXISTS `master_customer_import_doc` (
  `id` smallint(6) NOT NULL AUTO_INCREMENT,
  `customer_id` smallint(6) DEFAULT NULL,
  `bill_of_ladding` tinyint(4) DEFAULT NULL COMMENT '1 = Send Original Doc; 2 = Telex Release;',
  `packing_list` tinyint(4) DEFAULT NULL COMMENT '1 = Not Include; 2 = Send Original Doc; 3 = Send by Email;',
  `invoice` tinyint(4) DEFAULT NULL COMMENT '1 = Not Include; 2 = Send Original Doc; 3 = Send by Email;',
  `invoice_uv` tinyint(4) DEFAULT NULL COMMENT '1 = Not Include; 2 = Send Original Doc; 3 = Send by Email;',
  `coo` tinyint(4) DEFAULT NULL COMMENT '1 = Not Include; 2 = Send Original Doc; 3 = Send by Email;',
  `health_cert` tinyint(4) DEFAULT NULL COMMENT '1 = Not Include; 2 = Send Original Doc; 3 = Send by Email;',
  `material_safety` tinyint(4) DEFAULT NULL COMMENT '1 = Not Include; 2 = Send Original Doc; 3 = Send by Email;',
  `coa` tinyint(4) DEFAULT NULL COMMENT '1 = Not Include; 2 = Send Original Doc; 3 = Send by Email;',
  `prod_spec` tinyint(4) DEFAULT NULL COMMENT '1 = Not Include; 2 = Send Original Doc; 3 = Send by Email;',
  `others` varchar(100) DEFAULT NULL,
  `is_deleted` enum('0','1') NOT NULL DEFAULT '0' COMMENT '0 = No; 1 = Yes;',
  PRIMARY KEY (`id`) USING BTREE,
  KEY `FK_master_customer_import_doc_detail_master_customer` (`customer_id`),
  KEY `FK_master_customer_import_doc_master_import_doc_option` (`bill_of_ladding`),
  KEY `FK_master_customer_import_doc_master_import_doc_option_2` (`packing_list`),
  KEY `FK_master_customer_import_doc_master_import_doc_option_3` (`invoice`),
  KEY `FK_master_customer_import_doc_master_import_doc_option_4` (`invoice_uv`),
  KEY `FK_master_customer_import_doc_master_import_doc_option_5` (`coo`),
  KEY `FK_master_customer_import_doc_master_import_doc_option_6` (`health_cert`),
  KEY `FK_master_customer_import_doc_master_import_doc_option_7` (`material_safety`),
  KEY `FK_master_customer_import_doc_master_import_doc_option_8` (`coa`),
  KEY `FK_master_customer_import_doc_master_import_doc_option_9` (`prod_spec`),
  CONSTRAINT `FK_master_customer_import_doc_detail_master_customer` FOREIGN KEY (`customer_id`) REFERENCES `master_customer` (`id`) ON DELETE CASCADE ON UPDATE CASCADE,
  CONSTRAINT `FK_master_customer_import_doc_master_import_doc_option` FOREIGN KEY (`bill_of_ladding`) REFERENCES `master_import_doc_option` (`id`) ON DELETE CASCADE ON UPDATE CASCADE,
  CONSTRAINT `FK_master_customer_import_doc_master_import_doc_option_2` FOREIGN KEY (`packing_list`) REFERENCES `master_import_doc_option` (`id`) ON DELETE CASCADE ON UPDATE CASCADE,
  CONSTRAINT `FK_master_customer_import_doc_master_import_doc_option_3` FOREIGN KEY (`invoice`) REFERENCES `master_import_doc_option` (`id`) ON DELETE CASCADE ON UPDATE CASCADE,
  CONSTRAINT `FK_master_customer_import_doc_master_import_doc_option_4` FOREIGN KEY (`invoice_uv`) REFERENCES `master_import_doc_option` (`id`) ON DELETE CASCADE ON UPDATE CASCADE,
  CONSTRAINT `FK_master_customer_import_doc_master_import_doc_option_5` FOREIGN KEY (`coo`) REFERENCES `master_import_doc_option` (`id`) ON DELETE CASCADE ON UPDATE CASCADE,
  CONSTRAINT `FK_master_customer_import_doc_master_import_doc_option_6` FOREIGN KEY (`health_cert`) REFERENCES `master_import_doc_option` (`id`) ON DELETE CASCADE ON UPDATE CASCADE,
  CONSTRAINT `FK_master_customer_import_doc_master_import_doc_option_7` FOREIGN KEY (`material_safety`) REFERENCES `master_import_doc_option` (`id`) ON DELETE CASCADE ON UPDATE CASCADE,
  CONSTRAINT `FK_master_customer_import_doc_master_import_doc_option_8` FOREIGN KEY (`coa`) REFERENCES `master_import_doc_option` (`id`) ON DELETE CASCADE ON UPDATE CASCADE,
  CONSTRAINT `FK_master_customer_import_doc_master_import_doc_option_9` FOREIGN KEY (`prod_spec`) REFERENCES `master_import_doc_option` (`id`) ON DELETE CASCADE ON UPDATE CASCADE
) ENGINE=InnoDB DEFAULT CHARSET=utf8mb4 ROW_FORMAT=DYNAMIC;

-- Dumping data for table gpd_gexp.master_customer_import_doc: ~0 rows (approximately)
DELETE FROM `master_customer_import_doc`;

-- Dumping structure for table gpd_gexp.master_customer_notify
DROP TABLE IF EXISTS `master_customer_notify`;
CREATE TABLE IF NOT EXISTS `master_customer_notify` (
  `id` smallint(6) NOT NULL AUTO_INCREMENT,
  `customer_id` smallint(6) NOT NULL,
  `company_name` varchar(100) NOT NULL,
  `address` text NOT NULL,
  `country_id` tinyint(4) NOT NULL,
  `phone_no` varchar(20) NOT NULL,
  `is_deleted` enum('0','1') NOT NULL DEFAULT '0' COMMENT '0 = No; 1 = Yes;',
  PRIMARY KEY (`id`),
  KEY `FK_master_customer_notify_master_country` (`country_id`),
  KEY `FK_master_customer_notify_master_customer` (`customer_id`),
  CONSTRAINT `FK_master_customer_notify_master_country` FOREIGN KEY (`country_id`) REFERENCES `master_country` (`id`) ON DELETE CASCADE ON UPDATE CASCADE,
  CONSTRAINT `FK_master_customer_notify_master_customer` FOREIGN KEY (`customer_id`) REFERENCES `master_customer` (`id`) ON DELETE CASCADE ON UPDATE CASCADE
) ENGINE=InnoDB DEFAULT CHARSET=utf8mb4;

-- Dumping data for table gpd_gexp.master_customer_notify: ~0 rows (approximately)
DELETE FROM `master_customer_notify`;

-- Dumping structure for table gpd_gexp.master_customer_ship
DROP TABLE IF EXISTS `master_customer_ship`;
CREATE TABLE IF NOT EXISTS `master_customer_ship` (
  `id` smallint(6) NOT NULL AUTO_INCREMENT,
  `customer_id` smallint(6) NOT NULL,
  `company_name` varchar(100) NOT NULL,
  `address` text NOT NULL,
  `country_id` tinyint(4) NOT NULL,
  `phone_no` varchar(20) DEFAULT NULL,
  `is_deleted` enum('0','1') NOT NULL DEFAULT '0' COMMENT '0 = No; 1 = Yes;',
  PRIMARY KEY (`id`),
  KEY `FK_master_customer_ship_master_country` (`country_id`),
  KEY `FK_master_customer_ship_master_customer` (`customer_id`),
  CONSTRAINT `FK_master_customer_ship_master_country` FOREIGN KEY (`country_id`) REFERENCES `master_country` (`id`) ON DELETE CASCADE ON UPDATE CASCADE,
  CONSTRAINT `FK_master_customer_ship_master_customer` FOREIGN KEY (`customer_id`) REFERENCES `master_customer` (`id`) ON DELETE CASCADE ON UPDATE CASCADE
) ENGINE=InnoDB DEFAULT CHARSET=utf8mb4;

-- Dumping data for table gpd_gexp.master_customer_ship: ~0 rows (approximately)
DELETE FROM `master_customer_ship`;

-- Dumping structure for table gpd_gexp.master_customer_ship_detail
DROP TABLE IF EXISTS `master_customer_ship_detail`;
CREATE TABLE IF NOT EXISTS `master_customer_ship_detail` (
  `id` smallint(6) NOT NULL AUTO_INCREMENT,
  `customer_ship_id` smallint(6) DEFAULT NULL,
  `discharge_port` varchar(100) DEFAULT NULL,
  `destination_port` varchar(100) DEFAULT NULL,
  `is_deleted` enum('0','1') DEFAULT '0' COMMENT '0 = No; 1 = Yes;',
  PRIMARY KEY (`id`),
  KEY `FK__master_customer_ship` (`customer_ship_id`),
  CONSTRAINT `FK__master_customer_ship` FOREIGN KEY (`customer_ship_id`) REFERENCES `master_customer_ship` (`id`) ON DELETE CASCADE ON UPDATE CASCADE
) ENGINE=InnoDB DEFAULT CHARSET=utf8mb4;

-- Dumping data for table gpd_gexp.master_customer_ship_detail: ~0 rows (approximately)
DELETE FROM `master_customer_ship_detail`;

-- Dumping structure for table gpd_gexp.master_forwarder
DROP TABLE IF EXISTS `master_forwarder`;
CREATE TABLE IF NOT EXISTS `master_forwarder` (
  `id` tinyint(4) NOT NULL AUTO_INCREMENT,
  `name` varchar(100) NOT NULL,
  `created_at` timestamp NOT NULL DEFAULT current_timestamp(),
  `created_by` tinyint(4) NOT NULL,
  `updated_at` datetime DEFAULT NULL,
  `updated_by` tinyint(4) DEFAULT NULL,
  `is_deleted` enum('0','1') NOT NULL DEFAULT '0',
  PRIMARY KEY (`id`),
  KEY `FK_master_forwarder_master_user` (`created_by`),
  KEY `FK_master_forwarder_master_user_2` (`updated_by`),
  CONSTRAINT `FK_master_forwarder_master_user` FOREIGN KEY (`created_by`) REFERENCES `master_user` (`id`) ON DELETE CASCADE ON UPDATE CASCADE,
  CONSTRAINT `FK_master_forwarder_master_user_2` FOREIGN KEY (`updated_by`) REFERENCES `master_user` (`id`) ON DELETE CASCADE ON UPDATE CASCADE
) ENGINE=InnoDB AUTO_INCREMENT=2 DEFAULT CHARSET=utf8mb4;

-- Dumping data for table gpd_gexp.master_forwarder: ~1 rows (approximately)
DELETE FROM `master_forwarder`;
INSERT INTO `master_forwarder` (`id`, `name`, `created_at`, `created_by`, `updated_at`, `updated_by`, `is_deleted`) VALUES
	(1, 'TEST FORWARDER 1', '2022-09-23 10:15:54', 1, NULL, NULL, '0');

-- Dumping structure for table gpd_gexp.master_import_doc_option
DROP TABLE IF EXISTS `master_import_doc_option`;
CREATE TABLE IF NOT EXISTS `master_import_doc_option` (
  `id` tinyint(4) NOT NULL AUTO_INCREMENT,
  `name` varchar(50) NOT NULL,
  `flag` enum('1','2') NOT NULL COMMENT '1 = Billing; 2 = Non-Billing;',
  `is_deleted` enum('0','1') NOT NULL DEFAULT '0' COMMENT '0 = No; 1 = Yes;',
  PRIMARY KEY (`id`)
) ENGINE=InnoDB AUTO_INCREMENT=6 DEFAULT CHARSET=utf8mb4;

-- Dumping data for table gpd_gexp.master_import_doc_option: ~5 rows (approximately)
DELETE FROM `master_import_doc_option`;
INSERT INTO `master_import_doc_option` (`id`, `name`, `flag`, `is_deleted`) VALUES
	(1, 'Send Original Doc', '1', '0'),
	(2, 'Telex Release', '1', '0'),
	(3, 'Not Include', '2', '0'),
	(4, 'Send Original Doc', '2', '0'),
	(5, 'Send by Email', '2', '0');

-- Dumping structure for table gpd_gexp.master_incoterm
DROP TABLE IF EXISTS `master_incoterm`;
CREATE TABLE IF NOT EXISTS `master_incoterm` (
  `id` tinyint(4) NOT NULL AUTO_INCREMENT,
  `code` varchar(5) NOT NULL,
  `name` varchar(50) NOT NULL,
  `created_at` timestamp NOT NULL DEFAULT current_timestamp(),
  `updated_at` datetime DEFAULT NULL,
  `is_deleted` enum('0','1') NOT NULL DEFAULT '0' COMMENT '0 = No; 1 = Yes;',
  PRIMARY KEY (`id`),
  UNIQUE KEY `code` (`code`)
) ENGINE=InnoDB AUTO_INCREMENT=12 DEFAULT CHARSET=utf8mb4;

-- Dumping data for table gpd_gexp.master_incoterm: ~11 rows (approximately)
DELETE FROM `master_incoterm`;
INSERT INTO `master_incoterm` (`id`, `code`, `name`, `created_at`, `updated_at`, `is_deleted`) VALUES
	(1, 'FOB', 'Free On Board', '2022-08-19 08:22:54', NULL, '0'),
	(2, 'CFR', 'Cost And Freight', '2022-08-19 08:22:54', '2022-08-19 18:17:59', '0'),
	(3, 'CIF', 'Cost, Insurance and Freight', '2022-08-19 08:22:54', NULL, '0'),
	(4, 'EXW', 'Exworks', '2022-08-19 11:05:21', NULL, '0'),
	(5, 'DDP', 'Delivered Duty Paid', '2022-08-19 11:05:45', NULL, '0'),
	(6, 'DAP', 'Delivered At Place', '2022-08-19 11:07:27', NULL, '0'),
	(7, 'FCA', 'Free Carrier', '2022-08-19 11:07:47', NULL, '0'),
	(8, 'CPT', 'Carriage Paid To', '2022-08-19 11:08:03', NULL, '0'),
	(9, 'CIP', 'Carriage And Insurance Paid To', '2022-08-19 11:08:18', NULL, '0'),
	(10, 'DAT', 'Delivery At Terminal', '2022-08-19 11:08:31', NULL, '0'),
	(11, 'FAS', 'Free Alongside Ship', '2022-08-19 11:08:46', NULL, '0');

-- Dumping structure for table gpd_gexp.master_item
DROP TABLE IF EXISTS `master_item`;
CREATE TABLE IF NOT EXISTS `master_item` (
  `id` tinyint(4) NOT NULL AUTO_INCREMENT,
  `code` varchar(20) NOT NULL,
  `hs_code` varchar(20) NOT NULL,
  `item_category_id` tinyint(4) NOT NULL,
  `name` varchar(100) NOT NULL,
  `pack_desc` varchar(100) NOT NULL,
  `net_wight` decimal(20,2) NOT NULL DEFAULT 0.00,
  `gross_weight` decimal(20,2) NOT NULL DEFAULT 0.00,
  `length` decimal(10,0) NOT NULL,
  `width` decimal(10,0) NOT NULL,
  `height` decimal(10,0) NOT NULL,
  `created_at` timestamp NOT NULL DEFAULT current_timestamp(),
  `updated_at` datetime DEFAULT NULL,
  `is_deleted` enum('0','1') NOT NULL DEFAULT '0' COMMENT '0 = No; 1 = Yes;',
  PRIMARY KEY (`id`),
  UNIQUE KEY `code` (`code`),
  KEY `FK_master_item_master_item_category` (`item_category_id`),
  CONSTRAINT `FK_master_item_master_item_category` FOREIGN KEY (`item_category_id`) REFERENCES `master_item_category` (`id`) ON DELETE CASCADE ON UPDATE CASCADE
) ENGINE=InnoDB AUTO_INCREMENT=19 DEFAULT CHARSET=utf8mb4;

-- Dumping data for table gpd_gexp.master_item: ~18 rows (approximately)
DELETE FROM `master_item`;
INSERT INTO `master_item` (`id`, `code`, `hs_code`, `item_category_id`, `name`, `pack_desc`, `net_wight`, `gross_weight`, `length`, `width`, `height`, `created_at`, `updated_at`, `is_deleted`) VALUES
	(1, '30000041', '2101.11.19', 1, 'CAFFINO COFFEE LATTE CLASSIC', '24 POUCH X 10 SACHET X 20GR', 4.80, 5.92, 505, 220, 267, '2022-08-22 03:50:27', NULL, '0'),
	(2, '30000042', '2101.11.19', 1, 'CAFFINO COFFEE LATTE HAZELNUT', '24 POUCH X 10 SACHET X 20GR', 4.80, 5.92, 505, 220, 267, '2022-08-22 04:04:31', NULL, '0'),
	(3, '30000043', '2101.11.19', 1, 'CAFFINO COFFEE LATTE MOCHA', '24 POUCH X 10 SACHET X 20GR', 4.80, 5.92, 505, 220, 267, '2022-08-22 04:05:30', '2022-08-22 12:02:02', '0'),
	(4, '30000046', '2101.11.19', 1, 'CAFFINO COFFEE LATTE CLASSIC', '24 ROLL X 10 SACHET X 20GR', 4.80, 5.57, 560, 190, 215, '2022-08-22 04:07:00', NULL, '0'),
	(5, '30000047', '2101.11.19', 1, 'CAFFINO COFFEE LATTE HAZELNUT', '24 ROLL X 10 SACHET X 20GR', 4.80, 5.57, 560, 190, 215, '2022-08-22 04:08:03', NULL, '0'),
	(6, '30000048', '2101.11.19', 1, 'CAFFINO COFFEE LATTE MOCHA', '24 ROLL X 10 SACHET X 20GR', 4.80, 5.57, 560, 190, 215, '2022-08-22 04:09:26', NULL, '0'),
	(7, '30000065', '2101.11.19', 1, 'CAFFINO 3IN1 STICKPACK CLASSIC', '12 POUCH X 30 SACHET X 20GR', 7.20, 8.40, 405, 320, 258, '2022-08-22 04:11:00', NULL, '0'),
	(8, '30000066', '2101.11.19', 1, 'CAFFINO 3IN1 STICKPACK HAZELNUT', '12 POUCH X 30 SACHET X 20GR', 7.20, 8.40, 405, 320, 258, '2022-08-22 04:12:06', NULL, '0'),
	(9, '30000072', '2101.11.19', 1, 'PAPATONK CAFFINO 3IN1 INSTANT COFFEE BOLD', '12 GUSSET X 15 SACHET X 30GR', 5.40, 6.81, 625, 321, 225, '2022-08-22 04:14:27', NULL, '0'),
	(10, '30000073', '2101.11.19', 1, 'PAPATONK CAFFINO 3IN1 INSTANT COFFEE BOLD', '36 FOLDING BOX X 6 SACHET X 30GR', 6.48, 8.91, 430, 375, 295, '2022-08-22 04:15:45', NULL, '0'),
	(11, '30000074', '2101.11.19', 1, 'CAFFINO CAPPUCCINO CLASSIC', '24 POUCH X 10 SACHET X 20GR', 4.80, 5.85, 505, 210, 267, '2022-08-22 04:17:04', NULL, '0'),
	(12, '30000075', '2101.11.19', 1, 'CAFFINO CAPPUCINNO HAZELNUT', '24 POUCH X 10 SACHET X 20GR', 4.80, 5.85, 505, 210, 267, '2022-08-22 04:18:02', NULL, '0'),
	(13, '30000076', '2101.11.19', 1, 'CAFFINO CAPPUCINNO MOCHA', '24 POUCH X 10 SACHET X 20GR', 4.80, 5.85, 505, 210, 267, '2022-08-22 04:19:14', NULL, '0'),
	(14, '30000105', '2101.11.19', 1, 'CAFFINO BOLD PREMIUM COFFEE LATTE ', '12 GUSSET X 15 SACHET X 27GR', 4.86, 7.61, 615, 330, 225, '2022-08-22 04:20:21', NULL, '0'),
	(15, '30000107', '0901.21.20', 2, 'GADJAH GROUND COFFEE + SUGAR', '24 POUCH X 10 SACHET X 25GR', 6.00, 7.25, 510, 246, 295, '2022-08-22 04:21:19', NULL, '0'),
	(16, '30000109', '0901.21.20', 2, 'GADJAH TWIN PACK', '24 POUCH X 20 SACHET X 7GR', 3.36, 4.65, 510, 246, 295, '2022-08-22 04:22:14', NULL, '0'),
	(17, '30000111', '0901.21.20', 2, 'GADJAH GROUND COFFEE', '24 POUCH X 150GR', 3.60, 4.31, 464, 344, 139, '2022-08-22 04:23:19', NULL, '0'),
	(18, '30000134', '0901.21.20', 2, 'GADJAH COFFEE BEAN', '24 BAG X 250GR', 6.00, 7.16, 575, 330, 160, '2022-08-22 04:24:29', NULL, '0');

-- Dumping structure for table gpd_gexp.master_item_category
DROP TABLE IF EXISTS `master_item_category`;
CREATE TABLE IF NOT EXISTS `master_item_category` (
  `id` tinyint(4) NOT NULL AUTO_INCREMENT,
  `name` varchar(50) NOT NULL,
  `is_deleted` enum('0','1') NOT NULL DEFAULT '0' COMMENT '0 = No; 1 = Yes;',
  PRIMARY KEY (`id`)
) ENGINE=InnoDB AUTO_INCREMENT=3 DEFAULT CHARSET=utf8mb4;

-- Dumping data for table gpd_gexp.master_item_category: ~2 rows (approximately)
DELETE FROM `master_item_category`;
INSERT INTO `master_item_category` (`id`, `name`, `is_deleted`) VALUES
	(1, 'CAFFINO', '0'),
	(2, 'GADJAH', '0');

-- Dumping structure for table gpd_gexp.master_item_mapping
DROP TABLE IF EXISTS `master_item_mapping`;
CREATE TABLE IF NOT EXISTS `master_item_mapping` (
  `id` smallint(6) NOT NULL AUTO_INCREMENT,
  `item_id` tinyint(4) NOT NULL,
  `country_id` tinyint(4) NOT NULL,
  `created_at` timestamp NOT NULL DEFAULT current_timestamp(),
  `updated_at` datetime DEFAULT NULL,
  `is_deleted` enum('0','1') NOT NULL DEFAULT '0' COMMENT '0 = No; 1 = Yes;',
  PRIMARY KEY (`id`),
  KEY `FK_master_item_mapping_master_item` (`item_id`),
  KEY `FK_master_item_mapping_master_country` (`country_id`),
  CONSTRAINT `FK_master_item_mapping_master_country` FOREIGN KEY (`country_id`) REFERENCES `master_country` (`id`) ON DELETE CASCADE ON UPDATE CASCADE,
  CONSTRAINT `FK_master_item_mapping_master_item` FOREIGN KEY (`item_id`) REFERENCES `master_item` (`id`) ON DELETE CASCADE ON UPDATE CASCADE
) ENGINE=InnoDB DEFAULT CHARSET=utf8mb4;

-- Dumping data for table gpd_gexp.master_item_mapping: ~0 rows (approximately)
DELETE FROM `master_item_mapping`;

-- Dumping structure for table gpd_gexp.master_loading_port
DROP TABLE IF EXISTS `master_loading_port`;
CREATE TABLE IF NOT EXISTS `master_loading_port` (
  `id` tinyint(4) NOT NULL AUTO_INCREMENT,
  `code` varchar(5) NOT NULL,
  `name` varchar(100) NOT NULL,
  `created_at` timestamp NOT NULL DEFAULT current_timestamp(),
  `updated_at` datetime DEFAULT NULL,
  `is_deleted` enum('0','1') NOT NULL DEFAULT '0' COMMENT '0 = No; 1 = Yes;',
  PRIMARY KEY (`id`),
  UNIQUE KEY `code` (`code`)
) ENGINE=InnoDB AUTO_INCREMENT=4 DEFAULT CHARSET=utf8mb4;

-- Dumping data for table gpd_gexp.master_loading_port: ~3 rows (approximately)
DELETE FROM `master_loading_port`;
INSERT INTO `master_loading_port` (`id`, `code`, `name`, `created_at`, `updated_at`, `is_deleted`) VALUES
	(1, 'JKT', 'Jakarta', '2022-08-22 09:44:44', NULL, '0'),
	(2, 'SMG', 'Semarang', '2022-08-22 09:45:02', NULL, '0'),
	(3, 'SBY', 'Surabaya', '2022-08-22 09:45:21', NULL, '0');

-- Dumping structure for table gpd_gexp.master_menu_group
DROP TABLE IF EXISTS `master_menu_group`;
CREATE TABLE IF NOT EXISTS `master_menu_group` (
  `id` tinyint(4) NOT NULL AUTO_INCREMENT,
  `name` varchar(50) NOT NULL,
  `icon` varchar(50) NOT NULL,
  `is_deleted` enum('0','1') NOT NULL DEFAULT '0',
  PRIMARY KEY (`id`)
) ENGINE=InnoDB AUTO_INCREMENT=5 DEFAULT CHARSET=utf8mb4;

-- Dumping data for table gpd_gexp.master_menu_group: ~4 rows (approximately)
DELETE FROM `master_menu_group`;
INSERT INTO `master_menu_group` (`id`, `name`, `icon`, `is_deleted`) VALUES
	(1, 'Master', 'fas fa-database', '0'),
	(2, 'Transaction', 'fas fa-server', '0'),
	(3, 'Report', 'fas fa-folder-open', '0'),
	(4, 'System', 'fas fa-cog', '0');

-- Dumping structure for table gpd_gexp.master_menu_module
DROP TABLE IF EXISTS `master_menu_module`;
CREATE TABLE IF NOT EXISTS `master_menu_module` (
  `id` tinyint(4) NOT NULL AUTO_INCREMENT,
  `name` varchar(100) NOT NULL,
  `icon` varchar(50) NOT NULL,
  `url` varchar(100) NOT NULL,
  `created_at` timestamp NOT NULL DEFAULT current_timestamp(),
  `created_by` tinyint(4) DEFAULT NULL,
  `updated_at` datetime DEFAULT NULL,
  `updated_by` tinyint(4) DEFAULT NULL,
  `is_deleted` enum('0','1') NOT NULL DEFAULT '0',
  PRIMARY KEY (`id`),
  KEY `FK_master_module_master_user` (`created_by`),
  KEY `FK_master_module_master_user_2` (`updated_by`),
  CONSTRAINT `FK_master_module_master_user` FOREIGN KEY (`created_by`) REFERENCES `master_user` (`id`) ON DELETE CASCADE ON UPDATE CASCADE,
  CONSTRAINT `FK_master_module_master_user_2` FOREIGN KEY (`updated_by`) REFERENCES `master_user` (`id`) ON DELETE CASCADE ON UPDATE CASCADE
) ENGINE=InnoDB AUTO_INCREMENT=4 DEFAULT CHARSET=utf8mb4;

-- Dumping data for table gpd_gexp.master_menu_module: ~2 rows (approximately)
DELETE FROM `master_menu_module`;
INSERT INTO `master_menu_module` (`id`, `name`, `icon`, `url`, `created_at`, `created_by`, `updated_at`, `updated_by`, `is_deleted`) VALUES
	(1, 'UAC', 'far fa-keyboard', 'uac', '2022-08-09 08:17:35', NULL, NULL, NULL, '0'),
	(2, 'EXPORT', 'fas fa-file-export', 'export', '2022-08-09 08:20:51', NULL, '2022-08-10 14:03:48', NULL, '0'),
	(3, 'IMPORT', 'fas fa-file-import', 'import', '2022-09-19 10:25:22', NULL, NULL, NULL, '0');

-- Dumping structure for table gpd_gexp.master_menu_sub
DROP TABLE IF EXISTS `master_menu_sub`;
CREATE TABLE IF NOT EXISTS `master_menu_sub` (
  `id` tinyint(4) NOT NULL AUTO_INCREMENT,
  `menu_module_id` tinyint(4) NOT NULL,
  `menu_group_id` tinyint(4) NOT NULL,
  `name` varchar(50) NOT NULL,
  `icon` varchar(50) NOT NULL,
  `url` varchar(50) NOT NULL,
  `created_at` timestamp NOT NULL DEFAULT current_timestamp(),
  `created_by` tinyint(4) DEFAULT NULL,
  `updated_at` datetime DEFAULT NULL,
  `updated_by` tinyint(4) DEFAULT NULL,
  `is_deleted` enum('0','1') NOT NULL DEFAULT '0' COMMENT '0 = No; 1 = Yes;',
  PRIMARY KEY (`id`),
  KEY `FK_master_menu_sub_master_menu_module` (`menu_module_id`),
  KEY `FK_master_menu_sub_master_menu_group` (`menu_group_id`),
  KEY `FK_master_menu_sub_master_user` (`created_by`),
  KEY `FK_master_menu_sub_master_user_2` (`updated_by`),
  CONSTRAINT `FK_master_menu_sub_master_menu_group` FOREIGN KEY (`menu_group_id`) REFERENCES `master_menu_group` (`id`) ON DELETE CASCADE ON UPDATE CASCADE,
  CONSTRAINT `FK_master_menu_sub_master_menu_module` FOREIGN KEY (`menu_module_id`) REFERENCES `master_menu_module` (`id`) ON DELETE CASCADE ON UPDATE CASCADE,
  CONSTRAINT `FK_master_menu_sub_master_user` FOREIGN KEY (`created_by`) REFERENCES `master_user` (`id`) ON DELETE CASCADE ON UPDATE CASCADE,
  CONSTRAINT `FK_master_menu_sub_master_user_2` FOREIGN KEY (`updated_by`) REFERENCES `master_user` (`id`) ON DELETE CASCADE ON UPDATE CASCADE
) ENGINE=InnoDB AUTO_INCREMENT=32 DEFAULT CHARSET=utf8mb4;

-- Dumping data for table gpd_gexp.master_menu_sub: ~31 rows (approximately)
DELETE FROM `master_menu_sub`;
INSERT INTO `master_menu_sub` (`id`, `menu_module_id`, `menu_group_id`, `name`, `icon`, `url`, `created_at`, `created_by`, `updated_at`, `updated_by`, `is_deleted`) VALUES
	(1, 1, 1, 'User', 'fas fa-users', 'uac/user', '2022-08-09 10:55:18', NULL, NULL, NULL, '0'),
	(2, 1, 1, 'Module', 'far fa-file-alt', 'uac/modules', '2022-08-09 10:58:26', NULL, NULL, NULL, '0'),
	(3, 1, 1, 'Menu', 'fas fa-bars', 'uac/menu', '2022-08-09 10:59:09', NULL, NULL, NULL, '0'),
	(4, 1, 2, 'Assign Menu', 'fas fa-users-cog', 'uac/assignmenu', '2022-08-10 04:13:07', NULL, NULL, NULL, '0'),
	(5, 2, 1, 'Terms Of Payment', 'fas fa-ruler-combined', 'export/top', '2022-08-10 07:00:11', NULL, '2022-08-10 14:19:39', NULL, '0'),
	(6, 2, 1, 'Country', 'fas fa-globe', 'export/country', '2022-08-10 09:09:26', NULL, NULL, NULL, '0'),
	(7, 2, 1, 'Container', 'fas fa-box', 'export/container', '2022-08-19 03:20:09', NULL, NULL, NULL, '0'),
	(8, 2, 1, 'Incoterm', 'fas fa-dumpster', 'export/incoterm', '2022-08-19 08:26:16', NULL, NULL, NULL, '0'),
	(9, 2, 1, 'Item', 'fab fa-product-hunt', 'export/item', '2022-08-19 11:45:21', NULL, NULL, NULL, '0'),
	(10, 2, 1, 'Item Mapping', 'fas fa-map', 'export/item_mapping', '2022-08-22 05:21:43', NULL, '2022-08-22 13:07:48', NULL, '0'),
	(11, 2, 1, 'Bank', 'fas fa-money-check', 'export/bank', '2022-08-22 07:09:17', NULL, NULL, NULL, '0'),
	(12, 2, 1, 'Loading Port', 'fas fa-truck-loading', 'export/loading_port', '2022-08-22 08:13:04', NULL, NULL, NULL, '0'),
	(13, 2, 1, 'Beneficiary', 'fas fa-sync-alt', 'export/beneficiary', '2022-08-22 10:18:35', NULL, NULL, NULL, '0'),
	(14, 2, 1, 'Customer', 'fas fa-building', 'export/customer', '2022-08-23 02:25:34', NULL, NULL, NULL, '0'),
	(15, 2, 2, 'Proforma Invoice', 'fas fa-file-invoice-dollar', 'export/proforma', '2022-09-01 04:28:10', NULL, NULL, NULL, '0'),
	(16, 2, 2, 'Signed PI', 'fas fa-signature', 'export/signedpi', '2022-09-09 09:07:44', NULL, NULL, NULL, '0'),
	(17, 2, 2, 'Ketentuan Ekspor', 'fas fa-file-export', 'export/expterm', '2022-09-13 08:19:59', NULL, NULL, NULL, '0'),
	(18, 2, 2, 'Invoice', 'fas fa-file-invoice', 'export/invoice', '2022-09-14 08:04:40', NULL, NULL, NULL, '0'),
	(19, 2, 2, 'QC Check', 'fas fa-check', 'export/qc_check', '2022-09-15 03:44:28', NULL, NULL, NULL, '0'),
	(20, 2, 2, 'Packing', 'fas fa-box', 'export/packing', '2022-09-15 08:56:32', NULL, NULL, NULL, '0'),
	(21, 2, 2, 'Certificate Of Analysys', 'fas fa-certificate', 'export/coa', '2022-09-16 06:15:55', NULL, NULL, NULL, '0'),
	(22, 2, 2, 'Product Specification', 'fas fa-mortar-pestle', 'export/prodspec', '2022-09-16 06:19:41', NULL, NULL, NULL, '0'),
	(23, 2, 2, 'Quality Certificate', 'fas fa-stamp', 'export/qcertificate', '2022-09-16 06:22:50', NULL, NULL, NULL, '0'),
	(24, 2, 2, 'Product Statement Letter', 'fas fa-envelope-open-text', 'export/spp', '2022-09-16 06:27:31', NULL, NULL, NULL, '0'),
	(25, 3, 1, 'Category', 'fas fa-object-group', 'import/category', '2022-09-19 10:26:38', NULL, NULL, NULL, '0'),
	(26, 3, 1, 'UOM', 'fas fa-list-alt', 'import/uom', '2022-09-19 10:27:53', NULL, NULL, NULL, '0'),
	(27, 3, 2, 'Document Import', 'fas fa-file-alt', 'import/docimport', '2022-09-19 10:29:53', NULL, NULL, NULL, '0'),
	(28, 3, 2, 'ETA & PIB Payment', 'fas fa-business-time', 'import/eta', '2022-09-19 10:30:59', NULL, NULL, NULL, '0'),
	(29, 3, 1, 'Consignee', 'fas fa-building', 'import/consignee', '2022-09-23 04:12:43', NULL, NULL, NULL, '0'),
	(30, 3, 1, 'Shipper', 'fas fa-shipping-fast', 'import/shipper', '2022-09-23 04:15:24', NULL, NULL, NULL, '0'),
	(31, 3, 1, 'Forwarder', 'fas fa-ship', 'import/forwarder', '2022-09-23 04:16:49', NULL, NULL, NULL, '0');

-- Dumping structure for table gpd_gexp.master_pi_item
DROP TABLE IF EXISTS `master_pi_item`;
CREATE TABLE IF NOT EXISTS `master_pi_item` (
  `id` tinyint(3) unsigned NOT NULL AUTO_INCREMENT,
  `item` varchar(100) NOT NULL,
  `option_id` tinyint(4) NOT NULL,
  `name` varchar(50) NOT NULL,
  `created_at` timestamp NOT NULL DEFAULT current_timestamp(),
  `is_deleted` enum('0','1') NOT NULL DEFAULT '0' COMMENT '0 = No; 1 = Yes;',
  PRIMARY KEY (`id`),
  KEY `FK_gexp_master_pi_item_gexp_master_pi_opt` (`option_id`),
  CONSTRAINT `FK_gexp_master_pi_item_gexp_master_pi_opt` FOREIGN KEY (`option_id`) REFERENCES `master_pi_opt` (`id`) ON DELETE CASCADE ON UPDATE CASCADE
) ENGINE=InnoDB AUTO_INCREMENT=34 DEFAULT CHARSET=utf8mb4;

-- Dumping data for table gpd_gexp.master_pi_item: ~36 rows (approximately)
DELETE FROM `master_pi_item`;
INSERT INTO `master_pi_item` (`id`, `item`, `option_id`, `name`, `created_at`, `is_deleted`) VALUES
	(1, 'Signed PI', 1, 'signed_pi', '2022-08-04 07:26:00', '0'),
	(2, 'Purchase Order (If Any)', 1, 'purchase', '2022-08-04 07:26:39', '0'),
	(3, 'TOP', 2, 'top', '2022-08-04 07:29:19', '0'),
	(4, 'Down Payment Receipt', 1, 'dp_receipt', '2022-08-04 07:30:13', '0'),
	(5, 'Down Payment Received Confirmation', 3, 'dp_confirm', '2022-08-04 07:34:23', '0'),
	(6, 'Shipping Term', 2, 'shipping_term', '2022-08-04 07:36:04', '0'),
	(7, 'Bill of Ladding', 1, 'bill_ladding', '2022-08-04 07:38:57', '0'),
	(8, 'Packing List', 1, 'packing_list', '2022-08-04 07:39:47', '0'),
	(9, 'Invoice', 1, 'invoice', '2022-08-04 07:41:10', '0'),
	(10, 'Invoice Under Value', 1, 'invoice_uv', '2022-08-04 07:41:33', '0'),
	(11, 'COO', 1, 'coo', '2022-08-04 07:57:09', '0'),
	(12, 'Health Certificate / Certificate of Free Sale', 1, 'health_cert', '2022-08-04 07:57:37', '0'),
	(13, 'Material Safety Data Sheet', 1, 'material_safety', '2022-08-04 07:57:38', '0'),
	(14, 'COA', 1, 'coa', '2022-08-04 07:57:38', '0'),
	(15, 'Product Spesification', 1, 'prod_spec', '2022-08-04 07:57:38', '0'),
	(16, 'Surat Pernyataan Produk', 1, 'spp', '2022-08-04 07:57:38', '0'),
	(17, 'Others', 1, 'others', '2022-08-04 07:57:38', '0'),
	(18, 'Ketentuan Export Dokumen', 1, 'ket_exp_doc', '2022-08-04 07:57:38', '0'),
	(19, 'Ketentuan Export Dokumen Approve', 3, 'ket_exp_doc_apprv', '2022-08-04 07:57:38', '0'),
	(20, 'FOC Approval', 3, 'foc_approval', '2022-08-04 07:57:38', '0'),
	(21, 'POSM Availability', 3, 'posm', '2022-08-04 07:57:38', '0'),
	(22, 'Finish Good Ready Date', 3, 'finish_good', '2022-08-04 07:57:38', '0'),
	(23, 'Vessel Schedule', 3, 'vessel_schedule', '2022-08-04 07:57:38', '0'),
	(24, 'Balance Payment', 2, 'balance_payment', '2022-08-04 07:57:38', '0'),
	(25, 'Vessel Booking Confirmation', 3, 'vessel_confirm', '2022-08-04 07:57:38', '0'),
	(26, 'Stuffing', 1, 'stuffing', '2022-08-04 07:57:38', '0'),
	(27, 'Draft BL Sent', 3, 'draft_sent', '2022-08-04 07:57:38', '0'),
	(28, 'Draft BL Approved', 3, 'draft_approved', '2022-08-04 07:57:38', '0'),
	(29, 'Telex Release', 3, 'telex', '2022-08-04 07:57:39', '0'),
	(30, 'Original Document Sent', 3, 'ori_doc_sent', '2022-08-04 07:57:39', '0'),
	(31, 'TOP Payment Balancing', 3, 'top_payment', '2022-08-04 07:57:39', '0'),
	(32, 'Estimation Time of Departure [ETD]', 3, 'etd', '2022-08-04 07:57:39', '0'),
	(33, 'Estimation Time of Arrival [ETA]', 3, 'eta', '2022-08-04 07:57:39', '0');

-- Dumping structure for table gpd_gexp.master_pi_item_assign
DROP TABLE IF EXISTS `master_pi_item_assign`;
CREATE TABLE IF NOT EXISTS `master_pi_item_assign` (
  `id` tinyint(3) unsigned NOT NULL AUTO_INCREMENT,
  `role_id` tinyint(4) NOT NULL,
  `pi_item_id` tinyint(3) unsigned NOT NULL,
  `created_at` timestamp NOT NULL DEFAULT current_timestamp(),
  `is_deleted` enum('0','1') NOT NULL DEFAULT '0' COMMENT '0 = No; 1 = Yes;',
  PRIMARY KEY (`id`) USING BTREE,
  KEY `FK_master_pi_item_assign_master_role` (`role_id`),
  KEY `FK_master_pi_item_assign_master_pi_item` (`pi_item_id`),
  CONSTRAINT `FK_master_pi_item_assign_master_pi_item` FOREIGN KEY (`pi_item_id`) REFERENCES `master_pi_item` (`id`) ON DELETE CASCADE ON UPDATE CASCADE,
  CONSTRAINT `FK_master_pi_item_assign_master_role` FOREIGN KEY (`role_id`) REFERENCES `master_role` (`id`) ON DELETE CASCADE ON UPDATE CASCADE
) ENGINE=InnoDB AUTO_INCREMENT=37 DEFAULT CHARSET=utf8mb4 ROW_FORMAT=DYNAMIC;

-- Dumping data for table gpd_gexp.master_pi_item_assign: ~34 rows (approximately)
DELETE FROM `master_pi_item_assign`;
INSERT INTO `master_pi_item_assign` (`id`, `role_id`, `pi_item_id`, `created_at`, `is_deleted`) VALUES
	(1, 3, 1, '2022-09-11 04:35:11', '0'),
	(2, 3, 2, '2022-09-11 04:35:50', '0'),
	(3, 3, 6, '2022-09-11 04:36:14', '0'),
	(4, 6, 3, '2022-09-11 04:36:49', '0'),
	(5, 6, 4, '2022-09-11 04:37:03', '0'),
	(6, 6, 5, '2022-09-11 04:37:12', '0'),
	(7, 6, 9, '2022-09-11 04:38:08', '0'),
	(8, 6, 10, '2022-09-11 04:38:18', '0'),
	(9, 6, 20, '2022-09-11 04:38:39', '0'),
	(10, 6, 24, '2022-09-11 04:40:04', '0'),
	(11, 6, 31, '2022-09-11 04:40:25', '0'),
	(12, 7, 7, '2022-09-11 04:41:37', '0'),
	(13, 7, 11, '2022-09-11 04:41:55', '0'),
	(14, 7, 12, '2022-09-11 04:42:28', '0'),
	(15, 7, 17, '2022-09-11 04:43:11', '0'),
	(16, 7, 23, '2022-09-11 04:43:59', '0'),
	(17, 7, 25, '2022-09-11 04:44:21', '0'),
	(18, 7, 26, '2022-09-11 04:47:03', '0'),
	(19, 7, 27, '2022-09-11 04:48:15', '0'),
	(20, 7, 28, '2022-09-11 04:48:27', '0'),
	(21, 7, 29, '2022-09-11 04:48:45', '0'),
	(22, 7, 30, '2022-09-11 04:49:02', '0'),
	(23, 7, 32, '2022-09-11 04:49:20', '0'),
	(24, 7, 33, '2022-09-11 04:49:29', '0'),
	(25, 4, 8, '2022-09-11 04:50:16', '0'),
	(26, 4, 21, '2022-09-11 04:50:48', '0'),
	(27, 4, 26, '2022-09-11 04:51:32', '0'),
	(28, 9, 11, '2022-09-11 04:53:24', '0'),
	(29, 9, 12, '2022-09-11 04:53:47', '0'),
	(30, 9, 13, '2022-09-11 04:54:08', '0'),
	(31, 9, 14, '2022-09-11 04:54:35', '0'),
	(32, 9, 15, '2022-09-11 04:54:52', '0'),
	(33, 9, 16, '2022-09-11 04:55:15', '0'),
	(34, 5, 18, '2022-09-11 04:55:59', '0'),
	(35, 5, 19, '2022-09-11 04:56:10', '0'),
	(36, 5, 22, '2022-09-11 04:56:37', '0');

-- Dumping structure for table gpd_gexp.master_pi_item_category
DROP TABLE IF EXISTS `master_pi_item_category`;
CREATE TABLE IF NOT EXISTS `master_pi_item_category` (
  `id` tinyint(4) NOT NULL AUTO_INCREMENT,
  `name` varchar(50) NOT NULL,
  `is_deleted` enum('0','1') NOT NULL DEFAULT '0' COMMENT '0 = No; 1 = Yes;',
  PRIMARY KEY (`id`)
) ENGINE=InnoDB AUTO_INCREMENT=3 DEFAULT CHARSET=utf8mb4;

-- Dumping data for table gpd_gexp.master_pi_item_category: ~2 rows (approximately)
DELETE FROM `master_pi_item_category`;
INSERT INTO `master_pi_item_category` (`id`, `name`, `is_deleted`) VALUES
	(1, 'Purchase Goods', '0'),
	(2, 'Free Goods', '0');

-- Dumping structure for table gpd_gexp.master_pi_opt
DROP TABLE IF EXISTS `master_pi_opt`;
CREATE TABLE IF NOT EXISTS `master_pi_opt` (
  `id` tinyint(4) NOT NULL AUTO_INCREMENT,
  `name` varchar(50) NOT NULL,
  `is_deleted` enum('0','1') NOT NULL DEFAULT '0' COMMENT '0 = No; 1 = Yes;',
  PRIMARY KEY (`id`)
) ENGINE=InnoDB AUTO_INCREMENT=4 DEFAULT CHARSET=utf8mb4;

-- Dumping data for table gpd_gexp.master_pi_opt: ~3 rows (approximately)
DELETE FROM `master_pi_opt`;
INSERT INTO `master_pi_opt` (`id`, `name`, `is_deleted`) VALUES
	(1, 'Attachment', '0'),
	(2, 'Dropdown', '0'),
	(3, 'Empty', '0');

-- Dumping structure for table gpd_gexp.master_pi_status
DROP TABLE IF EXISTS `master_pi_status`;
CREATE TABLE IF NOT EXISTS `master_pi_status` (
  `id` tinyint(4) NOT NULL AUTO_INCREMENT,
  `name` varchar(50) NOT NULL,
  `bg_color` varchar(50) NOT NULL,
  `is_deleted` enum('0','1') NOT NULL DEFAULT '0',
  PRIMARY KEY (`id`)
) ENGINE=InnoDB AUTO_INCREMENT=8 DEFAULT CHARSET=utf8mb4;

-- Dumping data for table gpd_gexp.master_pi_status: ~7 rows (approximately)
DELETE FROM `master_pi_status`;
INSERT INTO `master_pi_status` (`id`, `name`, `bg_color`, `is_deleted`) VALUES
	(1, 'Submit', 'secondary', '0'),
	(2, 'Finish', 'info', '0'),
	(3, 'Canceled', 'danger', '0'),
	(4, 'Need Approval', 'info', '0'),
	(5, 'Approved', 'success', '0'),
	(6, 'Revised', 'warning', '0'),
	(7, 'Request to revise', 'warning', '0');

-- Dumping structure for table gpd_gexp.master_position
DROP TABLE IF EXISTS `master_position`;
CREATE TABLE IF NOT EXISTS `master_position` (
  `id` tinyint(4) NOT NULL AUTO_INCREMENT,
  `role_id` tinyint(4) NOT NULL,
  `name` varchar(100) NOT NULL,
  `is_deleted` enum('0','1') NOT NULL DEFAULT '0' COMMENT '0 = No; 1 = Yes;',
  PRIMARY KEY (`id`),
  KEY `FK_master_position_master_role` (`role_id`),
  CONSTRAINT `FK_master_position_master_role` FOREIGN KEY (`role_id`) REFERENCES `master_role` (`id`) ON DELETE CASCADE ON UPDATE CASCADE
) ENGINE=InnoDB AUTO_INCREMENT=22 DEFAULT CHARSET=utf8mb4;

-- Dumping data for table gpd_gexp.master_position: ~21 rows (approximately)
DELETE FROM `master_position`;
INSERT INTO `master_position` (`id`, `role_id`, `name`, `is_deleted`) VALUES
	(1, 2, 'Fullstack Developer', '0'),
	(2, 3, 'Business Development Manager', '0'),
	(3, 1, 'Superuser', '0'),
	(4, 4, 'Warehouse Supervisor Kudus', '0'),
	(5, 3, 'Sales Officer', '0'),
	(6, 3, 'Global Bussiness Head', '0'),
	(7, 5, 'PPIC Staff', '0'),
	(8, 5, 'PPIC Assistent Manager', '0'),
	(9, 6, 'Finance Staff Kudus', '0'),
	(10, 7, 'Procurement', '0'),
	(11, 8, 'QC Supervisor Kudus', '0'),
	(12, 8, 'QC Manager', '0'),
	(13, 9, 'QA Staff Kudus', '0'),
	(14, 9, 'QA Manager Kudus', '0'),
	(15, 7, 'Supply Chain Staff', '0'),
	(16, 7, 'Exim Supervisor Jakarta', '0'),
	(17, 7, 'Exim Staff Jakarta', '0'),
	(18, 6, 'Accounting Staff Mojokerto', '0'),
	(19, 4, 'Warehouse Supervisor', '0'),
	(20, 5, 'PPIC Staff Kudus', '0'),
	(21, 7, 'Supply Chain Staff Kudus', '0');

-- Dumping structure for table gpd_gexp.master_qc_item_category
DROP TABLE IF EXISTS `master_qc_item_category`;
CREATE TABLE IF NOT EXISTS `master_qc_item_category` (
  `id` tinyint(4) NOT NULL AUTO_INCREMENT,
  `name` varchar(50) NOT NULL,
  `is_deleted` enum('0','1') NOT NULL DEFAULT '0',
  PRIMARY KEY (`id`)
) ENGINE=InnoDB AUTO_INCREMENT=3 DEFAULT CHARSET=utf8mb4;

-- Dumping data for table gpd_gexp.master_qc_item_category: ~2 rows (approximately)
DELETE FROM `master_qc_item_category`;
INSERT INTO `master_qc_item_category` (`id`, `name`, `is_deleted`) VALUES
	(1, 'Organoletic, Physical, Chemical Test\r\n', '0'),
	(2, 'Microbiology', '0');

-- Dumping structure for table gpd_gexp.master_qc_status
DROP TABLE IF EXISTS `master_qc_status`;
CREATE TABLE IF NOT EXISTS `master_qc_status` (
  `id` tinyint(4) NOT NULL AUTO_INCREMENT,
  `name` varchar(50) NOT NULL,
  `is_deleted` enum('0','1') NOT NULL DEFAULT '0' COMMENT '0 = No; 1 = Yes;',
  PRIMARY KEY (`id`)
) ENGINE=InnoDB AUTO_INCREMENT=3 DEFAULT CHARSET=utf8mb4;

-- Dumping data for table gpd_gexp.master_qc_status: ~2 rows (approximately)
DELETE FROM `master_qc_status`;
INSERT INTO `master_qc_status` (`id`, `name`, `is_deleted`) VALUES
	(1, 'Aman', '0'),
	(2, 'Tidak Aman', '0');

-- Dumping structure for table gpd_gexp.master_role
DROP TABLE IF EXISTS `master_role`;
CREATE TABLE IF NOT EXISTS `master_role` (
  `id` tinyint(4) NOT NULL AUTO_INCREMENT,
  `name` varchar(50) NOT NULL,
  `is_deleted` enum('0','1') NOT NULL DEFAULT '0' COMMENT '0 = No; 1 = Yes;',
  PRIMARY KEY (`id`) USING BTREE
) ENGINE=InnoDB AUTO_INCREMENT=10 DEFAULT CHARSET=utf8mb4 ROW_FORMAT=DYNAMIC;

-- Dumping data for table gpd_gexp.master_role: ~9 rows (approximately)
DELETE FROM `master_role`;
INSERT INTO `master_role` (`id`, `name`, `is_deleted`) VALUES
	(1, 'System Administrator', '0'),
	(2, 'IT', '0'),
	(3, 'Sales', '0'),
	(4, 'Warehouse', '0'),
	(5, 'PPIC', '0'),
	(6, 'Finance', '0'),
	(7, 'Procurement', '0'),
	(8, 'QC', '0'),
	(9, 'QA', '0');

-- Dumping structure for table gpd_gexp.master_shipper
DROP TABLE IF EXISTS `master_shipper`;
CREATE TABLE IF NOT EXISTS `master_shipper` (
  `id` tinyint(4) NOT NULL AUTO_INCREMENT,
  `name` varchar(100) NOT NULL,
  `created_at` timestamp NOT NULL DEFAULT current_timestamp(),
  `created_by` tinyint(4) NOT NULL,
  `updated_at` datetime DEFAULT NULL,
  `updated_by` tinyint(4) DEFAULT NULL,
  `is_deleted` enum('0','1') NOT NULL DEFAULT '0',
  PRIMARY KEY (`id`),
  KEY `FK_master_shipper_master_user` (`created_by`),
  KEY `FK_master_shipper_master_user_2` (`updated_by`),
  CONSTRAINT `FK_master_shipper_master_user` FOREIGN KEY (`created_by`) REFERENCES `master_user` (`id`) ON DELETE CASCADE ON UPDATE CASCADE,
  CONSTRAINT `FK_master_shipper_master_user_2` FOREIGN KEY (`updated_by`) REFERENCES `master_user` (`id`) ON DELETE CASCADE ON UPDATE CASCADE
) ENGINE=InnoDB AUTO_INCREMENT=2 DEFAULT CHARSET=utf8mb4;

-- Dumping data for table gpd_gexp.master_shipper: ~1 rows (approximately)
DELETE FROM `master_shipper`;
INSERT INTO `master_shipper` (`id`, `name`, `created_at`, `created_by`, `updated_at`, `updated_by`, `is_deleted`) VALUES
	(1, 'TEST SHIPPER 1', '2022-09-23 09:48:13', 1, NULL, NULL, '0');

-- Dumping structure for table gpd_gexp.master_top
DROP TABLE IF EXISTS `master_top`;
CREATE TABLE IF NOT EXISTS `master_top` (
  `id` tinyint(4) NOT NULL AUTO_INCREMENT,
  `name` varchar(50) NOT NULL,
  `created_at` timestamp NOT NULL DEFAULT current_timestamp(),
  `updated_at` datetime DEFAULT NULL,
  `is_deleted` enum('0','1') NOT NULL DEFAULT '0' COMMENT '0 = No; 1 = Yes;',
  PRIMARY KEY (`id`)
) ENGINE=InnoDB AUTO_INCREMENT=7 DEFAULT CHARSET=utf8mb4;

-- Dumping data for table gpd_gexp.master_top: ~6 rows (approximately)
DELETE FROM `master_top`;
INSERT INTO `master_top` (`id`, `name`, `created_at`, `updated_at`, `is_deleted`) VALUES
	(1, 'LC', '2022-08-19 03:03:37', NULL, '0'),
	(2, 'TOP 30 Days', '2022-08-19 03:03:37', NULL, '0'),
	(3, 'TOP 45 Days', '2022-08-19 03:03:37', NULL, '0'),
	(4, 'TOP 90 Days', '2022-08-19 03:03:37', NULL, '0'),
	(5, 'Against Doc', '2022-08-19 03:03:37', NULL, '0'),
	(6, 'TOP 0 DAYS', '2022-08-24 09:24:47', NULL, '0');

-- Dumping structure for table gpd_gexp.master_uom
DROP TABLE IF EXISTS `master_uom`;
CREATE TABLE IF NOT EXISTS `master_uom` (
  `id` tinyint(4) NOT NULL AUTO_INCREMENT,
  `name` varchar(100) NOT NULL,
  `created_at` timestamp NOT NULL DEFAULT current_timestamp(),
  `created_by` tinyint(4) NOT NULL,
  `updated_at` datetime DEFAULT NULL,
  `updated_by` tinyint(4) DEFAULT NULL,
  `is_deleted` enum('0','1') NOT NULL DEFAULT '0',
  PRIMARY KEY (`id`),
  KEY `FK_master_uom_master_user` (`created_by`),
  KEY `FK_master_uom_master_user_2` (`updated_by`),
  CONSTRAINT `FK_master_uom_master_user` FOREIGN KEY (`created_by`) REFERENCES `master_user` (`id`) ON DELETE CASCADE ON UPDATE CASCADE,
  CONSTRAINT `FK_master_uom_master_user_2` FOREIGN KEY (`updated_by`) REFERENCES `master_user` (`id`) ON DELETE CASCADE ON UPDATE CASCADE
) ENGINE=InnoDB AUTO_INCREMENT=8 DEFAULT CHARSET=utf8mb4;

-- Dumping data for table gpd_gexp.master_uom: ~7 rows (approximately)
DELETE FROM `master_uom`;
INSERT INTO `master_uom` (`id`, `name`, `created_at`, `created_by`, `updated_at`, `updated_by`, `is_deleted`) VALUES
	(1, 'PACKAGE', '2022-09-23 07:24:18', 1, NULL, NULL, '0'),
	(2, 'UNIT', '2022-09-23 07:24:45', 1, NULL, NULL, '0'),
	(3, 'BAG', '2022-09-23 07:24:57', 1, NULL, NULL, '0'),
	(4, 'CARTON', '2022-09-23 07:25:09', 1, NULL, NULL, '0'),
	(5, 'BALE', '2022-09-23 07:25:17', 1, NULL, NULL, '0'),
	(6, 'PALLET', '2022-09-23 07:25:29', 1, NULL, NULL, '0'),
	(7, 'SET', '2022-09-23 07:25:40', 1, NULL, NULL, '0');

-- Dumping structure for table gpd_gexp.master_user
DROP TABLE IF EXISTS `master_user`;
CREATE TABLE IF NOT EXISTS `master_user` (
  `id` tinyint(4) NOT NULL AUTO_INCREMENT,
  `fullname` varchar(100) NOT NULL,
  `username` varchar(30) NOT NULL,
  `email` varchar(100) NOT NULL,
  `password` varchar(100) NOT NULL,
  `created_at` timestamp NOT NULL DEFAULT current_timestamp(),
  `updated_at` timestamp NULL DEFAULT NULL,
  `is_deleted` enum('0','1') NOT NULL DEFAULT '0' COMMENT '0 = No; 1 = Yes;',
  PRIMARY KEY (`id`),
  UNIQUE KEY `username` (`username`)
) ENGINE=InnoDB AUTO_INCREMENT=26 DEFAULT CHARSET=utf8mb4;

-- Dumping data for table gpd_gexp.master_user: ~23 rows (approximately)
DELETE FROM `master_user`;
INSERT INTO `master_user` (`id`, `fullname`, `username`, `email`, `password`, `created_at`, `updated_at`, `is_deleted`) VALUES
	(1, 'System Administrator', 'sysadmin', 'r.kurnain@gmail.com', '$2y$10$vX22N1Rfn.ljsHmBzDF.CebNv287qAgkPelWq2WxEGcNWA3HC4j4i', '2022-08-09 04:14:01', '2022-08-09 05:27:56', '0'),
	(2, 'Kurnain Arsyi Ramadhan', 'kurnainar', 'kurnain.arsyi@gonusa-distribusi.com', '$2y$10$PSdyMxTgSiv5.ADOhHx7oOEVe2YxJaVf5UL5Su55k5v7.Ecqcjlh.', '2022-08-09 04:19:16', '2022-08-09 09:40:05', '0'),
	(3, 'Fahna Nur Santika', 'fahna.nur.santika', 'fahna.nur.santika@gonusa-distribusi.com', '$2y$10$jHJJhNX8quU77BYa31baU.TiHGXi5jzIp5Lxi8uQkVH3ovMfdXAeu', '2022-09-07 10:59:48', '2022-09-13 06:15:11', '0'),
	(4, 'Yosi Subiyantoro', 'yosi.s', 'spv.whs.kds@sumberkopiprima.com', '$2y$10$A6wzK5kQJXTaZwfXJXIra.YjlLcLRun8a6FmpSMRs6.caZxMj0Pr6', '2022-09-07 11:05:57', NULL, '0'),
	(5, 'Berlian Nisaazizah', 'berlian', 'berlian@sumberkopiprima.com', '$2y$10$IX9.ZCUhXvKekgqDoAjkxO08fkkHoJi7Mwsck4cWbkfu8bJ26b4Za', '2022-09-07 11:06:54', NULL, '0'),
	(6, 'Nico Christian Lysander', 'nico.cl', 'spv.whs.mjk@sumberkopiprima.com', '$2y$10$Wivnga99IbdvmYpCXPB0huPX4uvC7AzcYiCI5Mu1wW4LzsXE2aVVm', '2022-09-07 11:07:24', NULL, '0'),
	(7, 'Adrian Tan', 'adrian.tan', 'adrian.tan@gonusa-distribusi.com', '$2y$10$H/jxZRD1QtqKkHE975bX9uQLpkObijdRbXpr5MCS8wcUYrqUxY.P.', '2022-09-13 05:58:39', NULL, '0'),
	(8, 'Stefanus Santoso', 'stefanus.santoso', 'stefanus.santoso@gonusa-distribusi.com', '$2y$10$K9micZCVDj1B6TeUz1dd8eWSml1oFUB/t/ymP4gwksXl1dHqaCx2.', '2022-09-13 05:59:38', NULL, '0'),
	(9, 'Yohanes Ari Sutanto', 'ari.sutanto', 'ari.sutanto@gonusa-distribusi.com', '$2y$10$PZV9bazcnJ3EQQboTL/Y6eZmV9Fk8AfUFmGdV4qG8Z9GGigHOfXQO', '2022-09-13 06:00:15', NULL, '0'),
	(10, 'Simon', 'simon', 'simon@sumberkopiprima.com', '$2y$10$/PBpJztZEVWwwdpHt9LUWOQ.sEY8Gq4Uht3Wy6AQ9Jd4X1iqjox2y', '2022-09-13 06:01:08', NULL, '0'),
	(11, 'Alvin Cristoby Fenan', 'alvin', 'alvin.c.fenan@sumberkopiprima.com', '$2y$10$qMmnEavoXTr2swkbWOqq7OkEjgjXEZsh3/Jm8FikKIkUG5YFt5YkK', '2022-09-13 06:01:43', NULL, '0'),
	(12, 'Peter Adi Prasetya Gunawan', 'peter', 'peter.a.prasetya@sumberkopiprima.com', '$2y$10$B6bIrqzwA4cLQHDuiOrU7OiEuA5XSO3OYhDp.igBca1vgTe3MNMZi', '2022-09-13 06:02:16', NULL, '0'),
	(13, 'Anissa Fitria Ningrum', 'annisa', 'anissa.f.ningrum@sumberkopiprima.com', '$2y$10$xHm8oOmMdjFPCQSjoxRbneOgmTdLP9xvpu28eNZbE81t2TWF.3Imi', '2022-09-13 06:02:52', NULL, '0'),
	(14, 'Evi Susanti', 'evi.susanti', 'evi.susanti@sumberkopiprima.com', '$2y$10$AvO4Z2bYGc/Sf2KziwSsY.S9gKL7oubNS4AteNtrbqnD9f7Si6Tt2', '2022-09-13 06:03:22', NULL, '0'),
	(15, 'Djie Livanny', 'djie.livanny', 'djie.livanny@sumberkopiprima.com', '$2y$10$iQrJz46Dc5bj7wnHN6IlkOYyeLizfRuHWM3nu/jbrJ2Tbdc8/q42.', '2022-09-13 06:03:57', NULL, '0'),
	(16, 'Ricki Harlis', 'ricki.harlis', 'ricki.harlis@sumberkopiprima.com', '$2y$10$bTFz6sX.1mWHEMX7jkQ8X.wZigZICuLxPizLvNFTKXC/ZthF7jNAu', '2022-09-13 06:04:41', NULL, '0'),
	(17, 'Liem Josep Hary Elkana', 'josep', 'spv.qc.kds@sumberkopiprima.com', '$2y$10$6fZzdogeWafhWjVB6YLzZe4g556D.gx1esL5A05hjBMNysAnNhWCq', '2022-09-13 06:05:17', NULL, '0'),
	(18, 'Albertus Alfonsus Sesarius', 'albert', 'spv.qc.kds@sumberkopiprima.com', '$2y$10$IYJ8VSYzmMvD0eMorrarQua7uqMFDPMcIv3zHbpfmbBFVfYYNMpRa', '2022-09-13 06:07:10', NULL, '0'),
	(19, 'Anita Margareta', 'anita.margareta', 'anita.margareta@sumberkopiprima.com', '$2y$10$E3WCHXcwYQ7b/Gnimlpa5ePOKKg.TmfGieE8nshHF0scWowj9B0PG', '2022-09-13 06:07:59', NULL, '0'),
	(20, 'Yoko Listiyanto', 'yoko.l', 'yoko.listiyanto@sumberkopiprima.com', '$2y$10$eRyk86nsZgsJYTh7fxryUuiVEmJri0dq.tT5MkpS2lbj95xm64nm.', '2022-09-13 06:08:48', NULL, '0'),
	(21, 'Shofa Istiana', 'shofa', 'shofa.istiana@sumberkopiprima.com', '$2y$10$V5Z/GDz9RA/pVMIpWOZUYejarskZSDh64qorTb8eXmIphi5HSejje', '2022-09-13 06:09:34', NULL, '0'),
	(22, 'Slamet Supriyadi', 'slamet.supriyadi', 'slamet.supriyadi@sumberkopiprima.com', '$2y$10$yRkWYZCbSlQxEx/4m.pUOO3g6w3lBAnrfY/RgD4NUHe07PR1X5ZyS', '2022-09-13 06:10:04', NULL, '0'),
	(23, 'Riska Alvia Novita', 'riska', 'riska.a.novita@sumberkopiprima.com', '$2y$10$Yx3ee764U8Ffq41vcu2Miej.TnC1y9SzK/1eqHYPBvsLeQJpfK3jW', '2022-09-13 06:10:34', NULL, '0'),
	(24, 'Selby Hendra', 'selby.hendra', 'selby.hendra@gonusa-distribusi.com', '$2y$10$yET9aQ2vV.h0eSINnLJ9b.Ose8w3ieyTVoFPk7xzxC.XSSEUqNZxG', '2022-09-22 09:46:21', NULL, '0'),
	(25, 'Lingga Eka Pradipta', 'lingga.pradipta', 'lingga.e.pradipta@sumberkopiprima.com', '$2y$10$kgdQ0fjeFJqAikRco4fN2e6lPsb3j05FGIsvqNERF.vosG8hrPn0C', '2022-09-22 09:49:47', NULL, '0');

-- Dumping structure for table gpd_gexp.master_user_role
DROP TABLE IF EXISTS `master_user_role`;
CREATE TABLE IF NOT EXISTS `master_user_role` (
  `id` tinyint(4) NOT NULL AUTO_INCREMENT,
  `user_id` tinyint(4) NOT NULL,
  `role_id` tinyint(4) NOT NULL,
  `position_id` tinyint(4) NOT NULL,
  `created_at` timestamp NOT NULL DEFAULT current_timestamp() ON UPDATE current_timestamp(),
  `updated_at` datetime DEFAULT NULL,
  PRIMARY KEY (`id`),
  UNIQUE KEY `user_id` (`user_id`),
  KEY `FK__master_role` (`role_id`),
  KEY `FK_master_user_role_master_position` (`position_id`),
  CONSTRAINT `FK__master_role` FOREIGN KEY (`role_id`) REFERENCES `master_role` (`id`) ON DELETE CASCADE ON UPDATE CASCADE,
  CONSTRAINT `FK__master_user` FOREIGN KEY (`user_id`) REFERENCES `master_user` (`id`) ON DELETE CASCADE ON UPDATE CASCADE,
  CONSTRAINT `FK_master_user_role_master_position` FOREIGN KEY (`position_id`) REFERENCES `master_position` (`id`) ON DELETE CASCADE ON UPDATE CASCADE
) ENGINE=InnoDB AUTO_INCREMENT=26 DEFAULT CHARSET=utf8mb4;

-- Dumping data for table gpd_gexp.master_user_role: ~25 rows (approximately)
DELETE FROM `master_user_role`;
INSERT INTO `master_user_role` (`id`, `user_id`, `role_id`, `position_id`, `created_at`, `updated_at`) VALUES
	(1, 1, 1, 3, '2022-09-07 10:37:40', NULL),
	(2, 2, 2, 1, '2022-09-07 10:38:24', NULL),
	(3, 3, 3, 2, '2022-09-07 10:59:48', NULL),
	(4, 4, 4, 4, '2022-09-07 11:05:58', NULL),
	(5, 5, 4, 4, '2022-09-07 11:06:54', NULL),
	(6, 6, 4, 19, '2022-09-22 09:54:30', NULL),
	(7, 7, 3, 2, '2022-09-13 05:58:39', NULL),
	(8, 8, 3, 6, '2022-09-13 05:59:38', NULL),
	(9, 9, 3, 2, '2022-09-13 06:00:15', NULL),
	(10, 10, 5, 8, '2022-09-13 06:01:08', NULL),
	(11, 11, 5, 7, '2022-09-13 06:01:43', NULL),
	(12, 12, 5, 20, '2022-09-22 09:57:30', NULL),
	(13, 13, 5, 20, '2022-09-22 09:58:25', NULL),
	(14, 14, 6, 9, '2022-09-13 06:03:22', NULL),
	(15, 15, 6, 9, '2022-09-13 06:03:57', NULL),
	(16, 16, 7, 16, '2022-09-22 09:47:47', NULL),
	(17, 17, 8, 11, '2022-09-13 06:05:17', NULL),
	(18, 18, 8, 11, '2022-09-13 06:07:10', NULL),
	(19, 19, 8, 12, '2022-09-13 06:07:59', NULL),
	(20, 20, 7, 21, '2022-09-22 10:04:40', NULL),
	(21, 21, 9, 13, '2022-09-13 06:09:34', NULL),
	(22, 22, 9, 14, '2022-09-13 06:10:04', NULL),
	(23, 23, 9, 13, '2022-09-13 06:10:34', NULL),
	(24, 24, 7, 15, '2022-09-22 09:46:21', NULL),
	(25, 25, 7, 17, '2022-09-22 09:49:47', NULL);

-- Dumping structure for table gpd_gexp.trans_coa
DROP TABLE IF EXISTS `trans_coa`;
CREATE TABLE IF NOT EXISTS `trans_coa` (
  `id` smallint(6) NOT NULL AUTO_INCREMENT,
  `code` varchar(50) NOT NULL COMMENT 'Format: 000/MM/YYYY/3 Digit Negara',
  `invoice_id` smallint(6) NOT NULL,
  `created_at` timestamp NOT NULL DEFAULT current_timestamp(),
  `created_by` tinyint(4) NOT NULL,
  `updated_at` datetime DEFAULT NULL,
  `updated_by` tinyint(4) DEFAULT NULL,
  PRIMARY KEY (`id`),
  UNIQUE KEY `code` (`code`),
  UNIQUE KEY `invoice_id` (`invoice_id`),
  KEY `FK_trans_coa_master_user` (`created_by`),
  KEY `FK_trans_coa_master_user_2` (`updated_by`),
  CONSTRAINT `FK_trans_coa_master_user` FOREIGN KEY (`created_by`) REFERENCES `master_user` (`id`) ON DELETE CASCADE ON UPDATE CASCADE,
  CONSTRAINT `FK_trans_coa_master_user_2` FOREIGN KEY (`updated_by`) REFERENCES `master_user` (`id`) ON DELETE CASCADE ON UPDATE CASCADE,
  CONSTRAINT `FK_trans_coa_trans_invoice` FOREIGN KEY (`invoice_id`) REFERENCES `trans_invoice` (`id`) ON DELETE CASCADE ON UPDATE CASCADE
) ENGINE=InnoDB DEFAULT CHARSET=utf8mb4;

-- Dumping data for table gpd_gexp.trans_coa: ~1 rows (approximately)
DELETE FROM `trans_coa`;

-- Dumping structure for table gpd_gexp.trans_coa_detail
DROP TABLE IF EXISTS `trans_coa_detail`;
CREATE TABLE IF NOT EXISTS `trans_coa_detail` (
  `id` smallint(6) NOT NULL AUTO_INCREMENT,
  `coa_id` smallint(6) NOT NULL,
  `packing_list_detail_id` smallint(6) NOT NULL,
  `qc_check_id` smallint(6) NOT NULL,
  `mercury` varchar(100) NOT NULL,
  `lead` varchar(100) NOT NULL,
  `cadmium` varchar(100) NOT NULL,
  `tin` varchar(100) NOT NULL,
  `arsenic` varchar(100) NOT NULL,
  `is_deleted` enum('0','1') NOT NULL DEFAULT '0' COMMENT '0 = No; 1 = Yes;',
  PRIMARY KEY (`id`),
  KEY `FK_trans_coa_item_trans_coa` (`coa_id`),
  KEY `FK_trans_coa_item_trans_qc_check` (`qc_check_id`),
  KEY `FK_trans_coa_detail_trans_packing_list_detail` (`packing_list_detail_id`),
  CONSTRAINT `FK_trans_coa_detail_trans_packing_list_detail` FOREIGN KEY (`packing_list_detail_id`) REFERENCES `trans_packing_list_detail` (`id`) ON DELETE CASCADE ON UPDATE CASCADE,
  CONSTRAINT `FK_trans_coa_item_trans_coa` FOREIGN KEY (`coa_id`) REFERENCES `trans_coa` (`id`) ON DELETE CASCADE ON UPDATE CASCADE,
  CONSTRAINT `FK_trans_coa_item_trans_qc_check` FOREIGN KEY (`qc_check_id`) REFERENCES `trans_qcontrol_check` (`id`) ON DELETE CASCADE ON UPDATE CASCADE
) ENGINE=InnoDB DEFAULT CHARSET=utf8mb4;

-- Dumping data for table gpd_gexp.trans_coa_detail: ~0 rows (approximately)
DELETE FROM `trans_coa_detail`;

-- Dumping structure for table gpd_gexp.trans_doc_import
DROP TABLE IF EXISTS `trans_doc_import`;
CREATE TABLE IF NOT EXISTS `trans_doc_import` (
  `id` smallint(6) NOT NULL AUTO_INCREMENT,
  `code` varchar(20) NOT NULL COMMENT 'Format: 0000/SKP-IMP/MM/YY',
  `po_no` varchar(50) DEFAULT NULL,
  `shipment_no` varchar(50) DEFAULT NULL,
  `shipper_id` tinyint(4) DEFAULT NULL,
  `seller` varchar(50) DEFAULT NULL,
  `consignee_id` tinyint(4) DEFAULT NULL,
  `commodity` varchar(50) DEFAULT NULL,
  `category_id` tinyint(4) DEFAULT NULL,
  `hs_code` varchar(50) DEFAULT NULL,
  `lartas` varchar(50) DEFAULT NULL,
  `incoterm_id` tinyint(4) DEFAULT NULL,
  `hbl` varchar(50) DEFAULT NULL,
  `mbl` varchar(50) DEFAULT NULL,
  `qty_container` decimal(20,0) DEFAULT 0,
  `container_no` varchar(50) DEFAULT NULL,
  `goods_qty` decimal(20,0) DEFAULT 0,
  `uom_id` tinyint(4) DEFAULT NULL,
  `gross_weight` decimal(20,2) DEFAULT 0.00,
  `net_weight` decimal(20,2) DEFAULT 0.00,
  `cbm` decimal(20,6) DEFAULT 0.000000,
  `pol` varchar(50) DEFAULT NULL,
  `pod` varchar(50) DEFAULT NULL,
  `etd` date DEFAULT NULL,
  `eta` date DEFAULT NULL,
  `pib_aju` varchar(50) DEFAULT NULL,
  `coo` varchar(50) DEFAULT NULL,
  `master_list` varchar(50) DEFAULT NULL,
  `rcvd_ori_doc` date DEFAULT NULL,
  `billing` date DEFAULT NULL,
  `spjm` date DEFAULT NULL,
  `spjk` date DEFAULT NULL,
  `sppb` date DEFAULT NULL,
  `pickup_do` date DEFAULT NULL,
  `delivery` date DEFAULT NULL,
  `remarks` text DEFAULT NULL,
  `currency` decimal(20,2) DEFAULT 0.00,
  `cif` decimal(20,2) DEFAULT 0.00,
  `duty` decimal(20,2) DEFAULT 0.00,
  `vat` decimal(20,2) DEFAULT 0.00,
  `tax` decimal(20,4) DEFAULT 0.0000,
  `freight` decimal(20,2) DEFAULT 0.00,
  `handling` decimal(20,2) DEFAULT 0.00,
  `at_cost` decimal(20,2) DEFAULT 0.00,
  `additional` decimal(20,0) DEFAULT 0,
  `time` decimal(20,0) DEFAULT 0,
  `forwarder_id` tinyint(4) DEFAULT NULL,
  `created_at` timestamp NOT NULL DEFAULT current_timestamp(),
  `created_by` tinyint(4) NOT NULL,
  `updated_at` datetime DEFAULT NULL,
  `updated_by` tinyint(4) DEFAULT NULL,
  `is_deleted` enum('0','1') NOT NULL DEFAULT '0',
  PRIMARY KEY (`id`),
  UNIQUE KEY `code` (`code`),
  KEY `FK_trans_doc_import_master_user` (`created_by`),
  KEY `FK_trans_doc_import_master_user_2` (`updated_by`),
  KEY `FK_trans_doc_import_master_consignee` (`consignee_id`),
  KEY `FK_trans_doc_import_master_category` (`category_id`),
  KEY `FK_trans_doc_import_master_incoterm` (`incoterm_id`),
  KEY `FK_trans_doc_import_master_uom` (`uom_id`),
  KEY `FK_trans_doc_import_master_shipper` (`shipper_id`),
  KEY `FK_trans_doc_import_master_forwarder` (`forwarder_id`),
  CONSTRAINT `FK_trans_doc_import_master_category` FOREIGN KEY (`category_id`) REFERENCES `master_category` (`id`) ON DELETE CASCADE ON UPDATE CASCADE,
  CONSTRAINT `FK_trans_doc_import_master_consignee` FOREIGN KEY (`consignee_id`) REFERENCES `master_consignee` (`id`) ON DELETE CASCADE ON UPDATE CASCADE,
  CONSTRAINT `FK_trans_doc_import_master_forwarder` FOREIGN KEY (`forwarder_id`) REFERENCES `master_forwarder` (`id`) ON DELETE CASCADE ON UPDATE CASCADE,
  CONSTRAINT `FK_trans_doc_import_master_incoterm` FOREIGN KEY (`incoterm_id`) REFERENCES `master_incoterm` (`id`) ON DELETE CASCADE ON UPDATE CASCADE,
  CONSTRAINT `FK_trans_doc_import_master_shipper` FOREIGN KEY (`shipper_id`) REFERENCES `master_shipper` (`id`) ON DELETE CASCADE ON UPDATE CASCADE,
  CONSTRAINT `FK_trans_doc_import_master_uom` FOREIGN KEY (`uom_id`) REFERENCES `master_uom` (`id`) ON DELETE CASCADE ON UPDATE CASCADE,
  CONSTRAINT `FK_trans_doc_import_master_user` FOREIGN KEY (`created_by`) REFERENCES `master_user` (`id`) ON DELETE CASCADE ON UPDATE CASCADE,
  CONSTRAINT `FK_trans_doc_import_master_user_2` FOREIGN KEY (`updated_by`) REFERENCES `master_user` (`id`) ON DELETE CASCADE ON UPDATE CASCADE
) ENGINE=InnoDB DEFAULT CHARSET=utf8mb4;

-- Dumping data for table gpd_gexp.trans_doc_import: ~0 rows (approximately)
DELETE FROM `trans_doc_import`;

-- Dumping structure for table gpd_gexp.trans_eta_pib_payment
DROP TABLE IF EXISTS `trans_eta_pib_payment`;
CREATE TABLE IF NOT EXISTS `trans_eta_pib_payment` (
  `id` smallint(6) NOT NULL AUTO_INCREMENT,
  `doc_import_id` smallint(6) NOT NULL,
  `created_at` timestamp NOT NULL DEFAULT current_timestamp(),
  `created_by` tinyint(4) NOT NULL,
  `updated_at` datetime DEFAULT NULL,
  `updated_by` tinyint(4) DEFAULT NULL,
  `is_deleted` enum('0','1') NOT NULL DEFAULT '0',
  PRIMARY KEY (`id`),
  KEY `FK_trans_eta_pib_payment_trans_doc_import` (`doc_import_id`),
  KEY `FK_trans_eta_pib_payment_master_user` (`created_by`),
  KEY `FK_trans_eta_pib_payment_master_user_2` (`updated_by`),
  CONSTRAINT `FK_trans_eta_pib_payment_master_user` FOREIGN KEY (`created_by`) REFERENCES `master_user` (`id`) ON DELETE CASCADE ON UPDATE CASCADE,
  CONSTRAINT `FK_trans_eta_pib_payment_master_user_2` FOREIGN KEY (`updated_by`) REFERENCES `master_user` (`id`) ON DELETE CASCADE ON UPDATE CASCADE,
  CONSTRAINT `FK_trans_eta_pib_payment_trans_doc_import` FOREIGN KEY (`doc_import_id`) REFERENCES `trans_doc_import` (`id`) ON DELETE CASCADE ON UPDATE CASCADE
) ENGINE=InnoDB DEFAULT CHARSET=utf8mb4;

-- Dumping data for table gpd_gexp.trans_eta_pib_payment: ~0 rows (approximately)
DELETE FROM `trans_eta_pib_payment`;

-- Dumping structure for table gpd_gexp.trans_export_terms
DROP TABLE IF EXISTS `trans_export_terms`;
CREATE TABLE IF NOT EXISTS `trans_export_terms` (
  `id` smallint(6) NOT NULL AUTO_INCREMENT,
  `pi_id` smallint(6) NOT NULL,
  `code` varchar(25) NOT NULL COMMENT 'Format: ExpTerm/YYYY/MM/0001',
  `file` varchar(100) NOT NULL,
  `pi_status_id` tinyint(4) NOT NULL,
  `created_at` timestamp NOT NULL DEFAULT current_timestamp(),
  `created_by` tinyint(4) NOT NULL,
  `updated_at` datetime DEFAULT NULL,
  `updated_by` tinyint(4) DEFAULT NULL,
  `is_deleted` enum('0','1') NOT NULL DEFAULT '0' COMMENT '0 = No; 1 = Yes;',
  PRIMARY KEY (`id`),
  UNIQUE KEY `pi_id` (`pi_id`),
  UNIQUE KEY `code` (`code`),
  KEY `FK_trans_export_terms_master_user` (`created_by`),
  KEY `FK_trans_export_terms_master_pi_status` (`pi_status_id`),
  KEY `FK_trans_export_terms_master_user_2` (`updated_by`),
  CONSTRAINT `FK_trans_export_terms_master_pi_status` FOREIGN KEY (`pi_status_id`) REFERENCES `master_pi_status` (`id`) ON DELETE CASCADE ON UPDATE CASCADE,
  CONSTRAINT `FK_trans_export_terms_master_user` FOREIGN KEY (`created_by`) REFERENCES `master_user` (`id`) ON DELETE CASCADE ON UPDATE CASCADE,
  CONSTRAINT `FK_trans_export_terms_master_user_2` FOREIGN KEY (`updated_by`) REFERENCES `master_user` (`id`) ON DELETE CASCADE ON UPDATE CASCADE,
  CONSTRAINT `FK_trans_export_terms_trans_pi` FOREIGN KEY (`pi_id`) REFERENCES `trans_pi` (`id`) ON DELETE CASCADE ON UPDATE CASCADE
) ENGINE=InnoDB DEFAULT CHARSET=utf8mb4;

-- Dumping data for table gpd_gexp.trans_export_terms: ~1 rows (approximately)
DELETE FROM `trans_export_terms`;

-- Dumping structure for table gpd_gexp.trans_export_terms_history
DROP TABLE IF EXISTS `trans_export_terms_history`;
CREATE TABLE IF NOT EXISTS `trans_export_terms_history` (
  `id` mediumint(9) NOT NULL AUTO_INCREMENT,
  `export_terms_id` smallint(6) NOT NULL,
  `status_id` tinyint(4) NOT NULL,
  `remark` text DEFAULT NULL,
  `created_at` timestamp NOT NULL DEFAULT current_timestamp(),
  `created_by` tinyint(4) NOT NULL,
  PRIMARY KEY (`id`),
  KEY `FK_trans_export_terms_history_trans_export_terms` (`export_terms_id`),
  KEY `FK_trans_export_terms_history_master_pi_status` (`status_id`),
  KEY `FK_trans_export_terms_history_master_user` (`created_by`)
) ENGINE=InnoDB DEFAULT CHARSET=utf8mb4;

-- Dumping data for table gpd_gexp.trans_export_terms_history: ~0 rows (approximately)
DELETE FROM `trans_export_terms_history`;

-- Dumping structure for table gpd_gexp.trans_invoice
DROP TABLE IF EXISTS `trans_invoice`;
CREATE TABLE IF NOT EXISTS `trans_invoice` (
  `id` smallint(6) NOT NULL AUTO_INCREMENT,
  `pi_id` smallint(6) NOT NULL,
  `code` varchar(30) NOT NULL COMMENT 'Format: 0001/SKP-EXP/INV/07/2022',
  `ffrn` varchar(50) DEFAULT NULL,
  `created_at` timestamp NOT NULL DEFAULT current_timestamp(),
  `created_by` tinyint(4) NOT NULL,
  `updated_at` datetime DEFAULT NULL,
  `updated_by` tinyint(4) DEFAULT NULL,
  `is_deleted` enum('0','1') NOT NULL DEFAULT '0' COMMENT '0 = No; 1 = Yes;',
  PRIMARY KEY (`id`),
  UNIQUE KEY `pi_id` (`pi_id`),
  UNIQUE KEY `code` (`code`),
  KEY `FK_trans_invoice_master_user` (`created_by`),
  KEY `FK_trans_invoice_master_user_2` (`updated_by`),
  CONSTRAINT `FK_trans_invoice_master_user` FOREIGN KEY (`created_by`) REFERENCES `master_user` (`id`) ON DELETE CASCADE ON UPDATE CASCADE,
  CONSTRAINT `FK_trans_invoice_master_user_2` FOREIGN KEY (`updated_by`) REFERENCES `master_user` (`id`) ON DELETE CASCADE ON UPDATE CASCADE,
  CONSTRAINT `FK_trans_invoice_trans_pi` FOREIGN KEY (`pi_id`) REFERENCES `trans_pi` (`id`) ON DELETE CASCADE ON UPDATE CASCADE
) ENGINE=InnoDB DEFAULT CHARSET=utf8mb4;

-- Dumping data for table gpd_gexp.trans_invoice: ~0 rows (approximately)
DELETE FROM `trans_invoice`;

-- Dumping structure for table gpd_gexp.trans_menu_assign
DROP TABLE IF EXISTS `trans_menu_assign`;
CREATE TABLE IF NOT EXISTS `trans_menu_assign` (
  `id` tinyint(4) NOT NULL AUTO_INCREMENT,
  `menu_sub_id` tinyint(4) NOT NULL,
  `role_id` tinyint(4) NOT NULL,
  `created_at` timestamp NOT NULL DEFAULT current_timestamp(),
  `created_by` tinyint(4) DEFAULT NULL,
  PRIMARY KEY (`id`),
  KEY `FK_trans_menu_assign_master_menu_sub` (`menu_sub_id`),
  KEY `FK_trans_menu_assign_master_role` (`role_id`),
  KEY `FK_trans_menu_assign_master_user` (`created_by`),
  CONSTRAINT `FK_trans_menu_assign_master_menu_sub` FOREIGN KEY (`menu_sub_id`) REFERENCES `master_menu_sub` (`id`) ON DELETE CASCADE ON UPDATE CASCADE,
  CONSTRAINT `FK_trans_menu_assign_master_role` FOREIGN KEY (`role_id`) REFERENCES `master_role` (`id`) ON DELETE CASCADE ON UPDATE CASCADE,
  CONSTRAINT `FK_trans_menu_assign_master_user` FOREIGN KEY (`created_by`) REFERENCES `master_user` (`id`) ON DELETE CASCADE ON UPDATE CASCADE
) ENGINE=InnoDB AUTO_INCREMENT=79 DEFAULT CHARSET=utf8mb4;

-- Dumping data for table gpd_gexp.trans_menu_assign: ~75 rows (approximately)
DELETE FROM `trans_menu_assign`;
INSERT INTO `trans_menu_assign` (`id`, `menu_sub_id`, `role_id`, `created_at`, `created_by`) VALUES
	(1, 1, 1, '2022-08-10 04:02:28', NULL),
	(2, 2, 1, '2022-08-10 04:03:03', NULL),
	(3, 3, 1, '2022-08-10 04:12:24', NULL),
	(4, 4, 1, '2022-08-10 04:13:16', NULL),
	(5, 1, 2, '2022-08-10 04:13:28', NULL),
	(6, 2, 2, '2022-08-10 04:13:34', NULL),
	(7, 3, 2, '2022-08-10 04:13:41', NULL),
	(9, 4, 2, '2022-08-10 04:18:51', NULL),
	(10, 5, 1, '2022-08-10 07:00:56', NULL),
	(11, 6, 1, '2022-08-10 09:09:44', NULL),
	(12, 7, 1, '2022-08-19 03:20:30', NULL),
	(13, 8, 1, '2022-08-19 08:26:28', NULL),
	(14, 9, 1, '2022-08-19 11:45:31', NULL),
	(15, 10, 1, '2022-08-22 05:21:52', NULL),
	(16, 11, 1, '2022-08-22 07:09:27', NULL),
	(17, 12, 1, '2022-08-22 08:13:13', NULL),
	(18, 13, 1, '2022-08-22 10:18:47', NULL),
	(19, 14, 1, '2022-08-23 02:25:56', NULL),
	(20, 15, 1, '2022-09-01 04:28:23', NULL),
	(21, 15, 4, '2022-09-07 10:23:26', NULL),
	(22, 15, 3, '2022-09-08 09:25:37', NULL),
	(23, 16, 1, '2022-09-09 09:07:57', NULL),
	(24, 16, 3, '2022-09-09 09:08:05', NULL),
	(25, 16, 4, '2022-09-13 06:13:02', NULL),
	(26, 16, 5, '2022-09-13 06:13:11', NULL),
	(27, 16, 6, '2022-09-13 06:13:21', NULL),
	(28, 16, 7, '2022-09-13 06:13:29', NULL),
	(29, 16, 8, '2022-09-13 06:13:37', NULL),
	(30, 16, 9, '2022-09-13 06:13:44', NULL),
	(31, 17, 5, '2022-09-13 08:20:18', NULL),
	(32, 17, 3, '2022-09-13 08:20:36', NULL),
	(33, 18, 1, '2022-09-14 08:05:02', NULL),
	(34, 18, 2, '2022-09-14 08:05:09', NULL),
	(35, 18, 6, '2022-09-14 08:05:16', NULL),
	(36, 19, 1, '2022-09-15 03:44:39', NULL),
	(37, 19, 2, '2022-09-15 03:44:47', NULL),
	(38, 19, 8, '2022-09-15 03:45:07', NULL),
	(39, 20, 1, '2022-09-15 08:56:42', NULL),
	(40, 20, 2, '2022-09-15 08:56:50', NULL),
	(41, 20, 4, '2022-09-15 08:56:57', NULL),
	(42, 21, 1, '2022-09-16 06:16:05', NULL),
	(43, 21, 2, '2022-09-16 06:16:12', NULL),
	(44, 21, 9, '2022-09-16 06:16:25', NULL),
	(45, 22, 1, '2022-09-16 06:21:02', NULL),
	(46, 22, 2, '2022-09-16 06:21:09', NULL),
	(47, 22, 9, '2022-09-16 06:21:22', NULL),
	(48, 23, 1, '2022-09-16 06:23:05', NULL),
	(49, 23, 2, '2022-09-16 06:23:12', NULL),
	(50, 23, 9, '2022-09-16 06:23:24', NULL),
	(51, 24, 1, '2022-09-16 06:27:42', NULL),
	(52, 24, 2, '2022-09-16 06:27:50', NULL),
	(53, 24, 9, '2022-09-16 06:28:04', NULL),
	(54, 25, 1, '2022-09-19 10:32:50', NULL),
	(55, 26, 1, '2022-09-19 10:33:01', NULL),
	(56, 27, 1, '2022-09-19 10:33:09', NULL),
	(57, 28, 1, '2022-09-19 10:33:16', NULL),
	(58, 5, 3, '2022-09-22 10:35:54', NULL),
	(59, 6, 3, '2022-09-22 10:36:02', NULL),
	(61, 8, 3, '2022-09-22 10:36:45', NULL),
	(62, 11, 3, '2022-09-22 10:36:53', NULL),
	(63, 13, 3, '2022-09-22 10:37:02', NULL),
	(64, 14, 3, '2022-09-22 10:37:10', NULL),
	(65, 7, 4, '2022-09-22 10:39:30', NULL),
	(66, 9, 4, '2022-09-22 10:39:40', NULL),
	(67, 10, 3, '2022-09-22 10:39:46', NULL),
	(68, 12, 7, '2022-09-22 10:40:05', NULL),
	(69, 25, 7, '2022-09-22 10:40:49', NULL),
	(70, 26, 7, '2022-09-22 10:40:58', NULL),
	(71, 27, 7, '2022-09-22 10:41:08', NULL),
	(72, 28, 7, '2022-09-22 10:41:18', NULL),
	(73, 29, 1, '2022-09-23 04:12:58', NULL),
	(74, 29, 7, '2022-09-23 04:13:06', NULL),
	(75, 30, 1, '2022-09-23 04:16:07', NULL),
	(76, 30, 7, '2022-09-23 04:16:16', NULL),
	(77, 31, 1, '2022-09-23 04:17:04', NULL),
	(78, 31, 7, '2022-09-23 04:17:13', NULL);

-- Dumping structure for table gpd_gexp.trans_packing_inv_filter
DROP TABLE IF EXISTS `trans_packing_inv_filter`;
CREATE TABLE IF NOT EXISTS `trans_packing_inv_filter` (
  `id` smallint(6) NOT NULL AUTO_INCREMENT,
  `packing_list_id` smallint(6) NOT NULL,
  `carton` enum('0','1') NOT NULL DEFAULT '0' COMMENT '0 = No; 1 = Yes;',
  `batch` enum('0','1') NOT NULL DEFAULT '0' COMMENT '0 = No; 1 = Yes;',
  `expired` enum('0','1') NOT NULL DEFAULT '0' COMMENT '0 = No; 1 = Yes;',
  `production` enum('0','1') NOT NULL DEFAULT '0' COMMENT '0 = No; 1 = Yes;',
  `created_at` timestamp NOT NULL DEFAULT current_timestamp(),
  PRIMARY KEY (`id`),
  UNIQUE KEY `packing_list_id` (`packing_list_id`),
  CONSTRAINT `FK_trans_packing_inv_filter_trans_packing_list` FOREIGN KEY (`packing_list_id`) REFERENCES `trans_packing_list` (`id`) ON DELETE CASCADE ON UPDATE CASCADE
) ENGINE=InnoDB DEFAULT CHARSET=utf8mb4;

-- Dumping data for table gpd_gexp.trans_packing_inv_filter: ~0 rows (approximately)
DELETE FROM `trans_packing_inv_filter`;

-- Dumping structure for table gpd_gexp.trans_packing_list
DROP TABLE IF EXISTS `trans_packing_list`;
CREATE TABLE IF NOT EXISTS `trans_packing_list` (
  `id` smallint(6) NOT NULL AUTO_INCREMENT,
  `code` varchar(25) NOT NULL COMMENT 'Format: 000/SKP-EXT/PL/MM[romawi]/YYYY',
  `invoice_id` smallint(6) NOT NULL,
  `dates` date NOT NULL,
  `container` varchar(50) NOT NULL,
  `created_at` timestamp NOT NULL DEFAULT current_timestamp(),
  `created_by` tinyint(4) NOT NULL,
  `updated_at` datetime DEFAULT NULL,
  `updated_by` tinyint(4) DEFAULT NULL,
  `is_deleted` enum('0','1') NOT NULL DEFAULT '0' COMMENT '0 = No; 1 = Yes;',
  PRIMARY KEY (`id`),
  UNIQUE KEY `code` (`code`),
  UNIQUE KEY `invoice_id` (`invoice_id`),
  KEY `FK_trans_packing_list_master_user` (`created_by`),
  KEY `FK_trans_packing_list_master_user_2` (`updated_by`),
  CONSTRAINT `FK_trans_packing_list_master_user` FOREIGN KEY (`created_by`) REFERENCES `master_user` (`id`) ON DELETE CASCADE ON UPDATE CASCADE,
  CONSTRAINT `FK_trans_packing_list_master_user_2` FOREIGN KEY (`updated_by`) REFERENCES `master_user` (`id`) ON DELETE CASCADE ON UPDATE CASCADE,
  CONSTRAINT `FK_trans_packing_list_trans_invoice` FOREIGN KEY (`invoice_id`) REFERENCES `trans_invoice` (`id`) ON DELETE CASCADE ON UPDATE CASCADE
) ENGINE=InnoDB DEFAULT CHARSET=utf8mb4;

-- Dumping data for table gpd_gexp.trans_packing_list: ~0 rows (approximately)
DELETE FROM `trans_packing_list`;

-- Dumping structure for table gpd_gexp.trans_packing_list_detail
DROP TABLE IF EXISTS `trans_packing_list_detail`;
CREATE TABLE IF NOT EXISTS `trans_packing_list_detail` (
  `id` smallint(6) NOT NULL AUTO_INCREMENT,
  `packing_list_id` smallint(6) NOT NULL,
  `pi_detail_id` smallint(6) NOT NULL,
  `carton_barcode` varchar(50) NOT NULL,
  `expired_date` varchar(100) NOT NULL,
  `production_date` varchar(100) NOT NULL,
  `batch` varchar(100) NOT NULL,
  `is_deleted` enum('0','1') NOT NULL DEFAULT '0' COMMENT '0 = No; 1 = Yes;',
  PRIMARY KEY (`id`),
  KEY `FK_trans_packing_list_detail_trans_packing_list` (`packing_list_id`),
  KEY `FK_trans_packing_list_detail_trans_pi_detail` (`pi_detail_id`),
  CONSTRAINT `FK_trans_packing_list_detail_trans_packing_list` FOREIGN KEY (`packing_list_id`) REFERENCES `trans_packing_list` (`id`) ON DELETE CASCADE ON UPDATE CASCADE,
  CONSTRAINT `FK_trans_packing_list_detail_trans_pi_detail` FOREIGN KEY (`pi_detail_id`) REFERENCES `trans_pi_detail` (`id`) ON DELETE CASCADE ON UPDATE CASCADE
) ENGINE=InnoDB DEFAULT CHARSET=utf8mb4;

-- Dumping data for table gpd_gexp.trans_packing_list_detail: ~0 rows (approximately)
DELETE FROM `trans_packing_list_detail`;

-- Dumping structure for table gpd_gexp.trans_pi
DROP TABLE IF EXISTS `trans_pi`;
CREATE TABLE IF NOT EXISTS `trans_pi` (
  `id` smallint(6) NOT NULL AUTO_INCREMENT,
  `code` varchar(25) NOT NULL COMMENT 'Format: 0000/SKP-EXP/PI/MM/YYYY',
  `po_no` varchar(25) DEFAULT NULL,
  `customer_id` smallint(6) NOT NULL,
  `consignee_id` smallint(6) NOT NULL,
  `beneficiary_id` tinyint(4) NOT NULL,
  `loading_port_id` tinyint(4) NOT NULL,
  `customer_ship_id` smallint(6) NOT NULL,
  `container_id` tinyint(4) NOT NULL,
  `number_of_container` decimal(20,0) NOT NULL DEFAULT 0,
  `freight_company` varchar(100) NOT NULL,
  `freight_company_contact` varchar(100) NOT NULL,
  `freight_company_no` decimal(20,0) NOT NULL DEFAULT 0,
  `freight_cost` decimal(20,0) NOT NULL DEFAULT 0,
  `insurance` decimal(20,0) NOT NULL DEFAULT 0,
  `bank_id` tinyint(4) NOT NULL,
  `currency_id` tinyint(4) NOT NULL,
  `ppn` enum('0','1') NOT NULL COMMENT '0 = No; 1 = Yes;',
  `top_id` tinyint(4) NOT NULL,
  `remark` text DEFAULT NULL,
  `attachment` varchar(200) DEFAULT NULL,
  `pi_status_id` tinyint(4) NOT NULL,
  `created_at` timestamp NOT NULL DEFAULT current_timestamp(),
  `created_by` tinyint(4) NOT NULL,
  `updated_at` datetime DEFAULT NULL,
  `updated_by` tinyint(4) DEFAULT NULL,
  `is_deleted` enum('0','1') NOT NULL DEFAULT '0' COMMENT '0 = No; 1 = Yes;',
  PRIMARY KEY (`id`),
  UNIQUE KEY `code` (`code`),
  KEY `FK_trans_pi_master_loading_port` (`loading_port_id`),
  KEY `FK_trans_pi_master_container` (`container_id`),
  KEY `FK_trans_pi_master_bank` (`bank_id`),
  KEY `FK_trans_pi_master_currency` (`currency_id`),
  KEY `FK_trans_pi_master_top` (`top_id`),
  KEY `FK_trans_pi_master_pi_status` (`pi_status_id`),
  KEY `FK_trans_pi_master_user` (`created_by`),
  KEY `FK_trans_pi_master_user_2` (`updated_by`),
  KEY `FK_trans_pi_master_customer` (`customer_id`),
  KEY `FK_trans_pi_master_customer_2` (`consignee_id`),
  KEY `FK_trans_pi_master_beneficiary` (`beneficiary_id`),
  KEY `FK_trans_pi_master_customer_ship_detail` (`customer_ship_id`),
  CONSTRAINT `FK_trans_pi_master_bank` FOREIGN KEY (`bank_id`) REFERENCES `master_bank` (`id`) ON DELETE CASCADE ON UPDATE CASCADE,
  CONSTRAINT `FK_trans_pi_master_beneficiary` FOREIGN KEY (`beneficiary_id`) REFERENCES `master_beneficiary` (`id`) ON DELETE CASCADE ON UPDATE CASCADE,
  CONSTRAINT `FK_trans_pi_master_container` FOREIGN KEY (`container_id`) REFERENCES `master_container` (`id`) ON DELETE CASCADE ON UPDATE CASCADE,
  CONSTRAINT `FK_trans_pi_master_currency` FOREIGN KEY (`currency_id`) REFERENCES `master_currency` (`id`) ON DELETE CASCADE ON UPDATE CASCADE,
  CONSTRAINT `FK_trans_pi_master_customer` FOREIGN KEY (`customer_id`) REFERENCES `master_customer` (`id`) ON DELETE CASCADE ON UPDATE CASCADE,
  CONSTRAINT `FK_trans_pi_master_customer_2` FOREIGN KEY (`consignee_id`) REFERENCES `master_customer` (`id`) ON DELETE CASCADE ON UPDATE CASCADE,
  CONSTRAINT `FK_trans_pi_master_customer_ship_detail` FOREIGN KEY (`customer_ship_id`) REFERENCES `master_customer_ship_detail` (`id`) ON DELETE CASCADE ON UPDATE CASCADE,
  CONSTRAINT `FK_trans_pi_master_loading_port` FOREIGN KEY (`loading_port_id`) REFERENCES `master_loading_port` (`id`) ON DELETE CASCADE ON UPDATE CASCADE,
  CONSTRAINT `FK_trans_pi_master_pi_status` FOREIGN KEY (`pi_status_id`) REFERENCES `master_pi_status` (`id`) ON DELETE CASCADE ON UPDATE CASCADE,
  CONSTRAINT `FK_trans_pi_master_top` FOREIGN KEY (`top_id`) REFERENCES `master_top` (`id`) ON DELETE CASCADE ON UPDATE CASCADE,
  CONSTRAINT `FK_trans_pi_master_user` FOREIGN KEY (`created_by`) REFERENCES `master_user` (`id`) ON DELETE CASCADE ON UPDATE CASCADE,
  CONSTRAINT `FK_trans_pi_master_user_2` FOREIGN KEY (`updated_by`) REFERENCES `master_user` (`id`) ON DELETE CASCADE ON UPDATE CASCADE
) ENGINE=InnoDB DEFAULT CHARSET=utf8mb4;

-- Dumping data for table gpd_gexp.trans_pi: ~0 rows (approximately)
DELETE FROM `trans_pi`;

-- Dumping structure for table gpd_gexp.trans_pi_detail
DROP TABLE IF EXISTS `trans_pi_detail`;
CREATE TABLE IF NOT EXISTS `trans_pi_detail` (
  `id` smallint(6) NOT NULL AUTO_INCREMENT,
  `pi_id` smallint(6) NOT NULL,
  `pi_item_category_id` tinyint(4) NOT NULL,
  `item_id` tinyint(4) NOT NULL,
  `qty` decimal(20,0) NOT NULL DEFAULT 0,
  `price` decimal(20,2) NOT NULL DEFAULT 0.00,
  `carton_barcode` varchar(50) DEFAULT NULL,
  `expired_date` varchar(50) DEFAULT NULL,
  `production_date` varchar(50) DEFAULT NULL,
  `batch` varchar(50) DEFAULT NULL,
  `is_deleted` enum('0','1') NOT NULL DEFAULT '0' COMMENT '0 = No; 1 = Yes;',
  PRIMARY KEY (`id`),
  KEY `FK_trans_pi_detail_trans_pi` (`pi_id`),
  KEY `FK_trans_pi_detail_master_item` (`item_id`),
  KEY `FK_trans_pi_detail_master_pi_item_category` (`pi_item_category_id`),
  CONSTRAINT `FK_trans_pi_detail_master_item` FOREIGN KEY (`item_id`) REFERENCES `master_item` (`id`) ON DELETE CASCADE ON UPDATE CASCADE,
  CONSTRAINT `FK_trans_pi_detail_master_pi_item_category` FOREIGN KEY (`pi_item_category_id`) REFERENCES `master_pi_item_category` (`id`) ON DELETE CASCADE ON UPDATE CASCADE,
  CONSTRAINT `FK_trans_pi_detail_trans_pi` FOREIGN KEY (`pi_id`) REFERENCES `trans_pi` (`id`) ON DELETE CASCADE ON UPDATE CASCADE
) ENGINE=InnoDB DEFAULT CHARSET=utf8mb4;

-- Dumping data for table gpd_gexp.trans_pi_detail: ~0 rows (approximately)
DELETE FROM `trans_pi_detail`;

-- Dumping structure for table gpd_gexp.trans_pi_history
DROP TABLE IF EXISTS `trans_pi_history`;
CREATE TABLE IF NOT EXISTS `trans_pi_history` (
  `id` mediumint(9) NOT NULL AUTO_INCREMENT,
  `pi_id` smallint(6) NOT NULL,
  `pi_status_id` tinyint(4) NOT NULL,
  `remark` varchar(50) DEFAULT NULL,
  `created_at` timestamp NOT NULL DEFAULT current_timestamp(),
  `created_by` tinyint(4) NOT NULL,
  PRIMARY KEY (`id`),
  KEY `FK_trans_pi_history_trans_pi` (`pi_id`),
  KEY `FK_trans_pi_history_master_pi_status` (`pi_status_id`),
  KEY `FK_trans_pi_history_master_user` (`created_by`),
  CONSTRAINT `FK_trans_pi_history_master_pi_status` FOREIGN KEY (`pi_status_id`) REFERENCES `master_pi_status` (`id`) ON DELETE CASCADE ON UPDATE CASCADE,
  CONSTRAINT `FK_trans_pi_history_master_user` FOREIGN KEY (`created_by`) REFERENCES `master_user` (`id`) ON DELETE CASCADE ON UPDATE CASCADE,
  CONSTRAINT `FK_trans_pi_history_trans_pi` FOREIGN KEY (`pi_id`) REFERENCES `trans_pi` (`id`) ON DELETE CASCADE ON UPDATE CASCADE
) ENGINE=InnoDB DEFAULT CHARSET=utf8mb4;

-- Dumping data for table gpd_gexp.trans_pi_history: ~0 rows (approximately)
DELETE FROM `trans_pi_history`;

-- Dumping structure for table gpd_gexp.trans_prod_spec
DROP TABLE IF EXISTS `trans_prod_spec`;
CREATE TABLE IF NOT EXISTS `trans_prod_spec` (
  `id` smallint(6) NOT NULL AUTO_INCREMENT,
  `code` varchar(25) NOT NULL,
  `invoice_id` smallint(6) NOT NULL,
  `created_at` timestamp NOT NULL DEFAULT current_timestamp(),
  `created_by` tinyint(4) NOT NULL,
  `updated_at` datetime DEFAULT NULL,
  `updated_by` tinyint(4) DEFAULT NULL,
  PRIMARY KEY (`id`),
  UNIQUE KEY `code` (`code`),
  UNIQUE KEY `invoice_id` (`invoice_id`),
  KEY `FK_trans_prod_spec_master_user` (`created_by`),
  KEY `FK_trans_prod_spec_master_user_2` (`updated_by`),
  CONSTRAINT `FK_trans_prod_spec_master_user` FOREIGN KEY (`created_by`) REFERENCES `master_user` (`id`) ON DELETE CASCADE ON UPDATE CASCADE,
  CONSTRAINT `FK_trans_prod_spec_master_user_2` FOREIGN KEY (`updated_by`) REFERENCES `master_user` (`id`) ON DELETE CASCADE ON UPDATE CASCADE,
  CONSTRAINT `FK_trans_prod_spec_trans_invoice` FOREIGN KEY (`invoice_id`) REFERENCES `trans_invoice` (`id`) ON DELETE CASCADE ON UPDATE CASCADE
) ENGINE=InnoDB DEFAULT CHARSET=utf8mb4;

-- Dumping data for table gpd_gexp.trans_prod_spec: ~0 rows (approximately)
DELETE FROM `trans_prod_spec`;

-- Dumping structure for table gpd_gexp.trans_prod_spec_detail
DROP TABLE IF EXISTS `trans_prod_spec_detail`;
CREATE TABLE IF NOT EXISTS `trans_prod_spec_detail` (
  `id` smallint(6) NOT NULL AUTO_INCREMENT,
  `prod_spec_id` smallint(6) NOT NULL,
  `packing_list_detail_id` smallint(6) NOT NULL,
  `qc_check_id` smallint(6) NOT NULL,
  `description` longtext NOT NULL,
  `form` varchar(100) NOT NULL,
  `texture` varchar(100) NOT NULL,
  `colour` varchar(100) NOT NULL,
  `taste` varchar(100) NOT NULL,
  `odour` varchar(100) NOT NULL,
  `fat` varchar(100) NOT NULL,
  `moisture` varchar(100) NOT NULL,
  `caffeine` varchar(100) NOT NULL,
  `ingredients` longtext NOT NULL,
  `product_shelf` varchar(100) NOT NULL,
  `packaging` varchar(100) NOT NULL,
  `storage` varchar(100) NOT NULL,
  `is_deleted` enum('0','1') NOT NULL DEFAULT '0' COMMENT '0 = No; 1 = Yes;',
  PRIMARY KEY (`id`),
  KEY `FK_trans_prod_spec_detail_trans_prod_spec` (`prod_spec_id`),
  KEY `FK_trans_prod_spec_detail_trans_packing_list_detail` (`packing_list_detail_id`),
  KEY `FK_trans_prod_spec_detail_trans_qcontrol_check` (`qc_check_id`),
  CONSTRAINT `FK_trans_prod_spec_detail_trans_packing_list_detail` FOREIGN KEY (`packing_list_detail_id`) REFERENCES `trans_packing_list_detail` (`id`) ON DELETE CASCADE ON UPDATE CASCADE,
  CONSTRAINT `FK_trans_prod_spec_detail_trans_prod_spec` FOREIGN KEY (`prod_spec_id`) REFERENCES `trans_prod_spec` (`id`) ON DELETE CASCADE ON UPDATE CASCADE,
  CONSTRAINT `FK_trans_prod_spec_detail_trans_qcontrol_check` FOREIGN KEY (`qc_check_id`) REFERENCES `trans_qcontrol_check` (`id`) ON DELETE CASCADE ON UPDATE CASCADE
) ENGINE=InnoDB DEFAULT CHARSET=utf8mb4;

-- Dumping data for table gpd_gexp.trans_prod_spec_detail: ~1 rows (approximately)
DELETE FROM `trans_prod_spec_detail`;

-- Dumping structure for table gpd_gexp.trans_qcertificate
DROP TABLE IF EXISTS `trans_qcertificate`;
CREATE TABLE IF NOT EXISTS `trans_qcertificate` (
  `id` smallint(6) NOT NULL AUTO_INCREMENT,
  `code` varchar(25) NOT NULL,
  `coa_id` smallint(6) NOT NULL,
  `invoice_id` smallint(6) NOT NULL,
  `created_at` timestamp NOT NULL DEFAULT current_timestamp(),
  `created_by` tinyint(4) NOT NULL,
  `updated_at` datetime DEFAULT NULL,
  `updated_by` tinyint(4) DEFAULT NULL,
  PRIMARY KEY (`id`),
  UNIQUE KEY `code` (`code`),
  UNIQUE KEY `invoice_id` (`invoice_id`),
  KEY `FK_trans_qcertificate_trans_coa` (`coa_id`),
  KEY `FK_trans_qcertificate_master_user` (`created_by`),
  KEY `FK_trans_qcertificate_master_user_2` (`updated_by`),
  CONSTRAINT `FK_trans_qcertificate_master_user` FOREIGN KEY (`created_by`) REFERENCES `master_user` (`id`) ON DELETE CASCADE ON UPDATE CASCADE,
  CONSTRAINT `FK_trans_qcertificate_master_user_2` FOREIGN KEY (`updated_by`) REFERENCES `master_user` (`id`) ON DELETE CASCADE ON UPDATE CASCADE,
  CONSTRAINT `FK_trans_qcertificate_trans_coa` FOREIGN KEY (`coa_id`) REFERENCES `trans_coa` (`id`) ON DELETE CASCADE ON UPDATE CASCADE,
  CONSTRAINT `FK_trans_qcertificate_trans_invoice` FOREIGN KEY (`invoice_id`) REFERENCES `trans_invoice` (`id`) ON DELETE CASCADE ON UPDATE CASCADE
) ENGINE=InnoDB DEFAULT CHARSET=utf8mb4;

-- Dumping data for table gpd_gexp.trans_qcertificate: ~1 rows (approximately)
DELETE FROM `trans_qcertificate`;

-- Dumping structure for table gpd_gexp.trans_qcontrol_check
DROP TABLE IF EXISTS `trans_qcontrol_check`;
CREATE TABLE IF NOT EXISTS `trans_qcontrol_check` (
  `id` smallint(6) NOT NULL AUTO_INCREMENT,
  `code` varchar(20) NOT NULL COMMENT 'Format: 0001/SKP-QC/07/2022',
  `item_id` tinyint(4) NOT NULL,
  `production_date` date NOT NULL,
  `expired_date` date NOT NULL,
  `aroma` varchar(100) NOT NULL,
  `taste` varchar(100) NOT NULL,
  `value` varchar(100) NOT NULL,
  `moisture` varchar(100) NOT NULL,
  `ph` varchar(100) NOT NULL,
  `brix` varchar(100) NOT NULL,
  `finish_good_date` date NOT NULL,
  `analys_date` date NOT NULL,
  `analys_end_date` date NOT NULL,
  `total_plate` varchar(100) NOT NULL,
  `yeast` varchar(100) NOT NULL,
  `coliform` varchar(100) NOT NULL,
  `salmonella` varchar(100) NOT NULL,
  `enterobacteriaceae` varchar(100) NOT NULL,
  `qc_status_id` tinyint(4) NOT NULL,
  `release_date` date NOT NULL,
  `created_at` timestamp NOT NULL DEFAULT current_timestamp(),
  `created_by` tinyint(4) NOT NULL,
  `updated_at` datetime DEFAULT NULL,
  `updated_by` tinyint(4) DEFAULT NULL,
  `is_deleted` enum('0','1') NOT NULL DEFAULT '0' COMMENT '0 = No; 1 = Yes;',
  PRIMARY KEY (`id`),
  UNIQUE KEY `code` (`code`),
  KEY `FK_trans_qc_check_master_item` (`item_id`),
  KEY `FK_trans_qc_check_master_user` (`created_by`),
  KEY `FK_trans_qcontrol_check_master_qc_status` (`qc_status_id`),
  CONSTRAINT `FK_trans_qc_check_master_item` FOREIGN KEY (`item_id`) REFERENCES `master_item` (`id`) ON DELETE CASCADE ON UPDATE CASCADE,
  CONSTRAINT `FK_trans_qc_check_master_user` FOREIGN KEY (`created_by`) REFERENCES `master_user` (`id`) ON DELETE CASCADE ON UPDATE CASCADE,
  CONSTRAINT `FK_trans_qcontrol_check_master_qc_status` FOREIGN KEY (`qc_status_id`) REFERENCES `master_qc_status` (`id`) ON DELETE CASCADE ON UPDATE CASCADE
) ENGINE=InnoDB DEFAULT CHARSET=utf8mb4;

-- Dumping data for table gpd_gexp.trans_qcontrol_check: ~0 rows (approximately)
DELETE FROM `trans_qcontrol_check`;

-- Dumping structure for table gpd_gexp.trans_signed_pi
DROP TABLE IF EXISTS `trans_signed_pi`;
CREATE TABLE IF NOT EXISTS `trans_signed_pi` (
  `id` mediumint(9) NOT NULL AUTO_INCREMENT,
  `pi_id` smallint(6) NOT NULL,
  `pi_item_id` tinyint(4) unsigned NOT NULL,
  `dates` date DEFAULT NULL,
  `value` varchar(200) DEFAULT NULL,
  `is_sent` enum('0','1') NOT NULL DEFAULT '0',
  `created_at` timestamp NOT NULL DEFAULT current_timestamp(),
  `created_by` tinyint(4) NOT NULL,
  `updated_at` datetime DEFAULT NULL,
  `updated_by` tinyint(4) DEFAULT NULL,
  PRIMARY KEY (`id`),
  KEY `FK_gexp_trans_signed_pi_gexp_master_pi_item` (`pi_item_id`),
  KEY `FK_trans_signed_pi_trans_pi` (`pi_id`),
  CONSTRAINT `FK_gexp_trans_signed_pi_gexp_master_pi_item` FOREIGN KEY (`pi_item_id`) REFERENCES `master_pi_item` (`id`) ON DELETE CASCADE ON UPDATE CASCADE,
  CONSTRAINT `FK_trans_signed_pi_trans_pi` FOREIGN KEY (`pi_id`) REFERENCES `trans_pi` (`id`) ON DELETE CASCADE ON UPDATE CASCADE
) ENGINE=InnoDB DEFAULT CHARSET=utf8mb4;

-- Dumping data for table gpd_gexp.trans_signed_pi: ~0 rows (approximately)
DELETE FROM `trans_signed_pi`;

-- Dumping structure for table gpd_gexp.trans_signed_pi_attachment
DROP TABLE IF EXISTS `trans_signed_pi_attachment`;
CREATE TABLE IF NOT EXISTS `trans_signed_pi_attachment` (
  `id` smallint(6) NOT NULL AUTO_INCREMENT,
  `pi_id` smallint(6) NOT NULL,
  `pi_item_id` tinyint(4) unsigned NOT NULL,
  `dates` date NOT NULL,
  `values` varchar(100) NOT NULL,
  `created_at` timestamp NOT NULL DEFAULT current_timestamp(),
  `created_by` tinyint(4) NOT NULL,
  PRIMARY KEY (`id`),
  KEY `FK_trans_signed_pi_attachment_trans_signed_pi` (`pi_id`),
  KEY `FK_trans_signed_pi_attachment_trans_signed_pi_2` (`pi_item_id`),
  KEY `FK_trans_signed_pi_attachment_master_user` (`created_by`),
  CONSTRAINT `FK_trans_signed_pi_attachment_master_user` FOREIGN KEY (`created_by`) REFERENCES `master_user` (`id`) ON DELETE CASCADE ON UPDATE CASCADE,
  CONSTRAINT `FK_trans_signed_pi_attachment_trans_signed_pi` FOREIGN KEY (`pi_id`) REFERENCES `trans_signed_pi` (`pi_id`) ON DELETE CASCADE ON UPDATE CASCADE,
  CONSTRAINT `FK_trans_signed_pi_attachment_trans_signed_pi_2` FOREIGN KEY (`pi_item_id`) REFERENCES `trans_signed_pi` (`pi_item_id`) ON DELETE CASCADE ON UPDATE CASCADE
) ENGINE=InnoDB DEFAULT CHARSET=utf8mb4;

-- Dumping data for table gpd_gexp.trans_signed_pi_attachment: ~0 rows (approximately)
DELETE FROM `trans_signed_pi_attachment`;

-- Dumping structure for table gpd_gexp.trans_spp
DROP TABLE IF EXISTS `trans_spp`;
CREATE TABLE IF NOT EXISTS `trans_spp` (
  `id` smallint(6) NOT NULL AUTO_INCREMENT,
  `code` varchar(25) NOT NULL,
  `invoice_id` smallint(6) NOT NULL,
  `name` varchar(100) NOT NULL,
  `position` varchar(100) NOT NULL,
  `description` longtext NOT NULL,
  `created_at` timestamp NOT NULL DEFAULT current_timestamp(),
  `created_by` tinyint(4) NOT NULL,
  PRIMARY KEY (`id`),
  UNIQUE KEY `code` (`code`),
  KEY `FK_trans_spp_trans_invoice` (`invoice_id`),
  KEY `FK_trans_spp_master_user` (`created_by`),
  CONSTRAINT `FK_trans_spp_master_user` FOREIGN KEY (`created_by`) REFERENCES `master_user` (`id`) ON DELETE CASCADE ON UPDATE CASCADE,
  CONSTRAINT `FK_trans_spp_trans_invoice` FOREIGN KEY (`invoice_id`) REFERENCES `trans_invoice` (`id`) ON DELETE CASCADE ON UPDATE CASCADE
) ENGINE=InnoDB DEFAULT CHARSET=utf8mb4;

-- Dumping data for table gpd_gexp.trans_spp: ~0 rows (approximately)
DELETE FROM `trans_spp`;

-- Dumping structure for table gpd_gexp.trans_spp_detail
DROP TABLE IF EXISTS `trans_spp_detail`;
CREATE TABLE IF NOT EXISTS `trans_spp_detail` (
  `id` smallint(6) NOT NULL AUTO_INCREMENT,
  `spp_id` smallint(6) NOT NULL,
  `name_local` varchar(100) NOT NULL,
  `type_local` varchar(100) NOT NULL,
  `md_no_local` varchar(100) NOT NULL,
  `name_export` varchar(100) NOT NULL,
  `type_export` varchar(100) NOT NULL,
  `is_deleted` enum('0','1') NOT NULL DEFAULT '0' COMMENT '0 = No; 1 = Yes;',
  PRIMARY KEY (`id`),
  KEY `FK_trans_spp_detail_trans_spp` (`spp_id`),
  CONSTRAINT `FK_trans_spp_detail_trans_spp` FOREIGN KEY (`spp_id`) REFERENCES `trans_spp` (`id`) ON DELETE CASCADE ON UPDATE CASCADE
) ENGINE=InnoDB DEFAULT CHARSET=utf8mb4;

-- Dumping data for table gpd_gexp.trans_spp_detail: ~0 rows (approximately)
DELETE FROM `trans_spp_detail`;

-- Dumping structure for view gpd_gexp.view_assign_group
DROP VIEW IF EXISTS `view_assign_group`;
-- Creating temporary table to overcome VIEW dependency errors
CREATE TABLE `view_assign_group` (
	`menu_module_id` TINYINT(4) NOT NULL,
	`menu_module_url` VARCHAR(100) NOT NULL COLLATE 'utf8mb4_general_ci',
	`menu_group_id` TINYINT(4) NOT NULL,
	`menu_group_name` VARCHAR(50) NOT NULL COLLATE 'utf8mb4_general_ci',
	`menu_group_icon` VARCHAR(50) NOT NULL COLLATE 'utf8mb4_general_ci',
	`role_id` TINYINT(4) NOT NULL
) ENGINE=MyISAM;

-- Dumping structure for view gpd_gexp.view_assign_menu
DROP VIEW IF EXISTS `view_assign_menu`;
-- Creating temporary table to overcome VIEW dependency errors
CREATE TABLE `view_assign_menu` (
	`menu_module_id` TINYINT(4) NOT NULL,
	`menu_module_url` VARCHAR(100) NOT NULL COLLATE 'utf8mb4_general_ci',
	`menu_group_id` TINYINT(4) NOT NULL,
	`menu_sub_id` TINYINT(4) NOT NULL,
	`menu_sub_name` VARCHAR(50) NOT NULL COLLATE 'utf8mb4_general_ci',
	`menu_sub_icon` VARCHAR(50) NOT NULL COLLATE 'utf8mb4_general_ci',
	`menu_sub_url` VARCHAR(50) NOT NULL COLLATE 'utf8mb4_general_ci',
	`role_id` TINYINT(4) NOT NULL
) ENGINE=MyISAM;

-- Dumping structure for view gpd_gexp.view_assign_module
DROP VIEW IF EXISTS `view_assign_module`;
-- Creating temporary table to overcome VIEW dependency errors
CREATE TABLE `view_assign_module` (
	`menu_module_id` TINYINT(4) NOT NULL,
	`menu_module_name` VARCHAR(100) NOT NULL COLLATE 'utf8mb4_general_ci',
	`menu_module_icon` VARCHAR(50) NOT NULL COLLATE 'utf8mb4_general_ci',
	`menu_module_url` VARCHAR(100) NOT NULL COLLATE 'utf8mb4_general_ci',
	`role_id` TINYINT(4) NOT NULL
) ENGINE=MyISAM;

-- Dumping structure for view gpd_gexp.view_beneficiary
DROP VIEW IF EXISTS `view_beneficiary`;
-- Creating temporary table to overcome VIEW dependency errors
CREATE TABLE `view_beneficiary` (
	`id` TINYINT(4) NOT NULL,
	`company_name` VARCHAR(100) NOT NULL COLLATE 'utf8mb4_general_ci',
	`office` TEXT NOT NULL COLLATE 'utf8mb4_general_ci',
	`address` TEXT NOT NULL COLLATE 'utf8mb4_general_ci',
	`country_id` TINYINT(4) NOT NULL,
	`cp_name` VARCHAR(100) NOT NULL COLLATE 'utf8mb4_general_ci',
	`phone` VARCHAR(20) NULL COLLATE 'utf8mb4_general_ci',
	`created_at` TIMESTAMP NOT NULL,
	`updated_at` DATETIME NULL,
	`is_deleted` ENUM('0','1') NOT NULL COMMENT '0 = No; 1 = Yes;' COLLATE 'utf8mb4_general_ci',
	`country_name` VARCHAR(50) NOT NULL COLLATE 'utf8mb4_general_ci'
) ENGINE=MyISAM;

-- Dumping structure for view gpd_gexp.view_customer_coding
DROP VIEW IF EXISTS `view_customer_coding`;
-- Creating temporary table to overcome VIEW dependency errors
CREATE TABLE `view_customer_coding` (
	`id` SMALLINT(6) NOT NULL,
	`customer_id` SMALLINT(6) NULL,
	`notes` VARCHAR(200) NULL COLLATE 'utf8mb4_general_ci',
	`is_deleted` ENUM('0','1') NULL COMMENT '0 = No; 1 = Yes;' COLLATE 'utf8mb4_general_ci',
	`coding_type_id` TINYINT(4) NOT NULL,
	`import_by` VARCHAR(200) NOT NULL COLLATE 'utf8mb4_general_ci',
	`hotline` VARCHAR(50) NOT NULL COLLATE 'utf8mb4_general_ci',
	`best_before` VARCHAR(100) NOT NULL COLLATE 'utf8mb4_general_ci'
) ENGINE=MyISAM;

-- Dumping structure for view gpd_gexp.view_customer_cp
DROP VIEW IF EXISTS `view_customer_cp`;
-- Creating temporary table to overcome VIEW dependency errors
CREATE TABLE `view_customer_cp` (
	`id` SMALLINT(6) NOT NULL,
	`customer_id` SMALLINT(6) NOT NULL,
	`name` VARCHAR(100) NOT NULL COLLATE 'utf8mb4_general_ci',
	`phone_no` VARCHAR(20) NOT NULL COLLATE 'utf8mb4_general_ci',
	`email` VARCHAR(100) NOT NULL COLLATE 'utf8mb4_general_ci',
	`top_id` TINYINT(4) NOT NULL,
	`dp` DECIMAL(3,0) NOT NULL COMMENT 'Format: percentage',
	`balancing` DECIMAL(3,0) NOT NULL COMMENT 'Format: percentage',
	`currency_id` TINYINT(4) NOT NULL,
	`incoterm_id` TINYINT(4) NOT NULL,
	`is_deleted` ENUM('0','1') NOT NULL COMMENT '0 = No; 1 = Yes;' COLLATE 'utf8mb4_general_ci',
	`top_name` VARCHAR(50) NOT NULL COLLATE 'utf8mb4_general_ci',
	`currency_name` VARCHAR(50) NOT NULL COLLATE 'utf8mb4_general_ci',
	`incoterm_name` VARCHAR(50) NOT NULL COLLATE 'utf8mb4_general_ci',
	`address` TEXT NOT NULL COLLATE 'utf8mb4_general_ci',
	`country_name` VARCHAR(50) NOT NULL COLLATE 'utf8mb4_general_ci'
) ENGINE=MyISAM;

-- Dumping structure for view gpd_gexp.view_customer_ship_detail
DROP VIEW IF EXISTS `view_customer_ship_detail`;
-- Creating temporary table to overcome VIEW dependency errors
CREATE TABLE `view_customer_ship_detail` (
	`id` SMALLINT(6) NOT NULL,
	`customer_ship_id` SMALLINT(6) NULL,
	`discharge_port` VARCHAR(100) NULL COLLATE 'utf8mb4_general_ci',
	`destination_port` VARCHAR(100) NULL COLLATE 'utf8mb4_general_ci',
	`is_deleted` ENUM('0','1') NULL COMMENT '0 = No; 1 = Yes;' COLLATE 'utf8mb4_general_ci',
	`customer_id` SMALLINT(6) NOT NULL
) ENGINE=MyISAM;

-- Dumping structure for view gpd_gexp.view_item
DROP VIEW IF EXISTS `view_item`;
-- Creating temporary table to overcome VIEW dependency errors
CREATE TABLE `view_item` (
	`id` TINYINT(4) NOT NULL,
	`code` VARCHAR(20) NOT NULL COLLATE 'utf8mb4_general_ci',
	`hs_code` VARCHAR(20) NOT NULL COLLATE 'utf8mb4_general_ci',
	`item_category_id` TINYINT(4) NOT NULL,
	`name` VARCHAR(100) NOT NULL COLLATE 'utf8mb4_general_ci',
	`pack_desc` VARCHAR(100) NOT NULL COLLATE 'utf8mb4_general_ci',
	`net_wight` DECIMAL(20,2) NOT NULL,
	`gross_weight` DECIMAL(20,2) NOT NULL,
	`length` DECIMAL(10,0) NOT NULL,
	`width` DECIMAL(10,0) NOT NULL,
	`height` DECIMAL(10,0) NOT NULL,
	`created_at` TIMESTAMP NOT NULL,
	`updated_at` DATETIME NULL,
	`is_deleted` ENUM('0','1') NOT NULL COMMENT '0 = No; 1 = Yes;' COLLATE 'utf8mb4_general_ci',
	`item_category_name` VARCHAR(50) NOT NULL COLLATE 'utf8mb4_general_ci',
	`dimensions` VARCHAR(39) NOT NULL COLLATE 'utf8mb4_general_ci'
) ENGINE=MyISAM;

-- Dumping structure for view gpd_gexp.view_item_mapping
DROP VIEW IF EXISTS `view_item_mapping`;
-- Creating temporary table to overcome VIEW dependency errors
CREATE TABLE `view_item_mapping` (
	`id` SMALLINT(6) NOT NULL,
	`item_id` TINYINT(4) NOT NULL,
	`country_id` TINYINT(4) NOT NULL,
	`created_at` TIMESTAMP NOT NULL,
	`updated_at` DATETIME NULL,
	`is_deleted` ENUM('0','1') NOT NULL COMMENT '0 = No; 1 = Yes;' COLLATE 'utf8mb4_general_ci',
	`item_code` VARCHAR(20) NOT NULL COLLATE 'utf8mb4_general_ci',
	`item_hscode` VARCHAR(20) NOT NULL COLLATE 'utf8mb4_general_ci',
	`item_name` VARCHAR(100) NOT NULL COLLATE 'utf8mb4_general_ci',
	`country_name` VARCHAR(50) NOT NULL COLLATE 'utf8mb4_general_ci'
) ENGINE=MyISAM;

-- Dumping structure for view gpd_gexp.view_master_customer_bank
DROP VIEW IF EXISTS `view_master_customer_bank`;
-- Creating temporary table to overcome VIEW dependency errors
CREATE TABLE `view_master_customer_bank` (
	`id` SMALLINT(6) NOT NULL,
	`customer_id` SMALLINT(6) NOT NULL,
	`bank_id` TINYINT(4) NOT NULL,
	`account_no` VARCHAR(50) NOT NULL COLLATE 'utf8mb4_general_ci',
	`account_name` VARCHAR(100) NOT NULL COLLATE 'utf8mb4_general_ci',
	`is_deleted` ENUM('0','1') NOT NULL COMMENT '0 = No; 1 = Yes;' COLLATE 'utf8mb4_general_ci',
	`bank_code` VARCHAR(20) NOT NULL COLLATE 'utf8mb4_general_ci',
	`bank_name` VARCHAR(100) NOT NULL COLLATE 'utf8mb4_general_ci',
	`bank_account` VARCHAR(20) NOT NULL COLLATE 'utf8mb4_general_ci',
	`bank_branch` TEXT NOT NULL COLLATE 'utf8mb4_general_ci',
	`bank_address` TEXT NOT NULL COLLATE 'utf8mb4_general_ci',
	`bank_swift` VARCHAR(20) NOT NULL COLLATE 'utf8mb4_general_ci'
) ENGINE=MyISAM;

-- Dumping structure for view gpd_gexp.view_master_customer_coding_detail
DROP VIEW IF EXISTS `view_master_customer_coding_detail`;
-- Creating temporary table to overcome VIEW dependency errors
CREATE TABLE `view_master_customer_coding_detail` (
	`id` SMALLINT(6) NOT NULL,
	`customer_coding_id` SMALLINT(6) NOT NULL,
	`coding_type_id` TINYINT(4) NOT NULL,
	`import_by` VARCHAR(200) NOT NULL COLLATE 'utf8mb4_general_ci',
	`hotline` VARCHAR(50) NOT NULL COLLATE 'utf8mb4_general_ci',
	`best_before` VARCHAR(100) NOT NULL COLLATE 'utf8mb4_general_ci',
	`is_deleted` ENUM('0','1') NOT NULL COMMENT '0 = No; 1 = Yes;' COLLATE 'utf8mb4_general_ci',
	`coding_type_name` VARCHAR(50) NOT NULL COLLATE 'utf8mb4_general_ci'
) ENGINE=MyISAM;

-- Dumping structure for view gpd_gexp.view_master_customer_country
DROP VIEW IF EXISTS `view_master_customer_country`;
-- Creating temporary table to overcome VIEW dependency errors
CREATE TABLE `view_master_customer_country` (
	`id` SMALLINT(6) NOT NULL,
	`customer_id` SMALLINT(6) NOT NULL,
	`country_id` TINYINT(4) NOT NULL,
	`country_name` VARCHAR(58) NOT NULL COLLATE 'utf8mb4_general_ci'
) ENGINE=MyISAM;

-- Dumping structure for view gpd_gexp.view_master_customer_list
DROP VIEW IF EXISTS `view_master_customer_list`;
-- Creating temporary table to overcome VIEW dependency errors
CREATE TABLE `view_master_customer_list` (
	`id` SMALLINT(6) NOT NULL,
	`code` VARCHAR(20) NOT NULL COLLATE 'utf8mb4_general_ci',
	`company_name` VARCHAR(100) NOT NULL COMMENT 'cust consignee name = company name' COLLATE 'utf8mb4_general_ci',
	`address` TEXT NOT NULL COLLATE 'utf8mb4_general_ci',
	`town` VARCHAR(100) NOT NULL COLLATE 'utf8mb4_general_ci',
	`country_id` TINYINT(4) NOT NULL,
	`phone_no` VARCHAR(20) NOT NULL COLLATE 'utf8mb4_general_ci',
	`created_at` TIMESTAMP NOT NULL,
	`created_by` TINYINT(4) NOT NULL,
	`updated_at` DATETIME NULL,
	`updated_by` TINYINT(4) NULL,
	`is_deleted` ENUM('0','1') NOT NULL COMMENT '0 = No; 1 = Yes;' COLLATE 'utf8mb4_general_ci',
	`country_name` VARCHAR(50) NOT NULL COLLATE 'utf8mb4_general_ci'
) ENGINE=MyISAM;

-- Dumping structure for view gpd_gexp.view_menu_assign
DROP VIEW IF EXISTS `view_menu_assign`;
-- Creating temporary table to overcome VIEW dependency errors
CREATE TABLE `view_menu_assign` (
	`id` TINYINT(4) NOT NULL,
	`menu_sub_id` TINYINT(4) NOT NULL,
	`role_id` TINYINT(4) NOT NULL,
	`created_at` TIMESTAMP NOT NULL,
	`created_by` TINYINT(4) NULL,
	`module_name` VARCHAR(100) NOT NULL COLLATE 'utf8mb4_general_ci',
	`group_name` VARCHAR(50) NOT NULL COLLATE 'utf8mb4_general_ci',
	`menu_name` VARCHAR(50) NOT NULL COLLATE 'utf8mb4_general_ci',
	`role_name` VARCHAR(50) NOT NULL COLLATE 'utf8mb4_general_ci'
) ENGINE=MyISAM;

-- Dumping structure for view gpd_gexp.view_menu_sub
DROP VIEW IF EXISTS `view_menu_sub`;
-- Creating temporary table to overcome VIEW dependency errors
CREATE TABLE `view_menu_sub` (
	`id` TINYINT(4) NOT NULL,
	`menu_module_id` TINYINT(4) NOT NULL,
	`menu_group_id` TINYINT(4) NOT NULL,
	`name` VARCHAR(50) NOT NULL COLLATE 'utf8mb4_general_ci',
	`icon` VARCHAR(50) NOT NULL COLLATE 'utf8mb4_general_ci',
	`url` VARCHAR(50) NOT NULL COLLATE 'utf8mb4_general_ci',
	`created_at` TIMESTAMP NOT NULL,
	`created_by` TINYINT(4) NULL,
	`updated_at` DATETIME NULL,
	`updated_by` TINYINT(4) NULL,
	`is_deleted` ENUM('0','1') NOT NULL COMMENT '0 = No; 1 = Yes;' COLLATE 'utf8mb4_general_ci',
	`menu_module_name` VARCHAR(100) NOT NULL COLLATE 'utf8mb4_general_ci',
	`menu_group_name` VARCHAR(50) NOT NULL COLLATE 'utf8mb4_general_ci'
) ENGINE=MyISAM;

-- Dumping structure for view gpd_gexp.view_pi_item_assign
DROP VIEW IF EXISTS `view_pi_item_assign`;
-- Creating temporary table to overcome VIEW dependency errors
CREATE TABLE `view_pi_item_assign` (
	`id` TINYINT(3) UNSIGNED NOT NULL,
	`role_id` TINYINT(4) NOT NULL,
	`pi_item_id` TINYINT(3) UNSIGNED NOT NULL,
	`created_at` TIMESTAMP NOT NULL,
	`is_deleted` ENUM('0','1') NOT NULL COMMENT '0 = No; 1 = Yes;' COLLATE 'utf8mb4_general_ci'
) ENGINE=MyISAM;

-- Dumping structure for view gpd_gexp.view_print_trans_coa_detail
DROP VIEW IF EXISTS `view_print_trans_coa_detail`;
-- Creating temporary table to overcome VIEW dependency errors
CREATE TABLE `view_print_trans_coa_detail` (
	`id` SMALLINT(6) NOT NULL,
	`coa_id` SMALLINT(6) NOT NULL,
	`packing_list_detail_id` SMALLINT(6) NOT NULL,
	`qc_check_id` SMALLINT(6) NOT NULL,
	`mercury` VARCHAR(100) NOT NULL COLLATE 'utf8mb4_general_ci',
	`lead` VARCHAR(100) NOT NULL COLLATE 'utf8mb4_general_ci',
	`cadmium` VARCHAR(100) NOT NULL COLLATE 'utf8mb4_general_ci',
	`tin` VARCHAR(100) NOT NULL COLLATE 'utf8mb4_general_ci',
	`arsenic` VARCHAR(100) NOT NULL COLLATE 'utf8mb4_general_ci',
	`is_deleted` ENUM('0','1') NOT NULL COMMENT '0 = No; 1 = Yes;' COLLATE 'utf8mb4_general_ci',
	`qa_no` VARCHAR(50) NOT NULL COMMENT 'Format: 000/MM/YYYY/3 Digit Negara' COLLATE 'utf8mb4_general_ci',
	`invoice_no` VARCHAR(30) NOT NULL COMMENT 'Format: 0001/SKP-EXP/INV/07/2022' COLLATE 'utf8mb4_general_ci',
	`item_name` VARCHAR(100) NOT NULL COLLATE 'utf8mb4_general_ci',
	`batch` VARCHAR(100) NOT NULL COLLATE 'utf8mb4_general_ci',
	`prod_exp` VARCHAR(83) NULL COLLATE 'utf8mb4_general_ci',
	`aroma` VARCHAR(100) NOT NULL COLLATE 'utf8mb4_general_ci',
	`taste` VARCHAR(100) NOT NULL COLLATE 'utf8mb4_general_ci',
	`moisture` VARCHAR(100) NOT NULL COLLATE 'utf8mb4_general_ci',
	`ph` VARCHAR(100) NOT NULL COLLATE 'utf8mb4_general_ci',
	`brix` VARCHAR(100) NOT NULL COLLATE 'utf8mb4_general_ci',
	`salmonella` VARCHAR(100) NOT NULL COLLATE 'utf8mb4_general_ci',
	`total_plate` VARCHAR(100) NOT NULL COLLATE 'utf8mb4_general_ci',
	`yeast` VARCHAR(100) NOT NULL COLLATE 'utf8mb4_general_ci'
) ENGINE=MyISAM;

-- Dumping structure for view gpd_gexp.view_print_trans_invoice_category
DROP VIEW IF EXISTS `view_print_trans_invoice_category`;
-- Creating temporary table to overcome VIEW dependency errors
CREATE TABLE `view_print_trans_invoice_category` (
	`pi_id` SMALLINT(6) NOT NULL,
	`invoice_id` SMALLINT(6) NOT NULL,
	`item_category_id` TINYINT(4) NOT NULL,
	`pi_item_category_name` VARCHAR(50) NOT NULL COLLATE 'utf8mb4_general_ci',
	`footer_category_name` VARCHAR(50) NOT NULL COLLATE 'utf8mb4_general_ci'
) ENGINE=MyISAM;

-- Dumping structure for view gpd_gexp.view_print_trans_invoice_detail
DROP VIEW IF EXISTS `view_print_trans_invoice_detail`;
-- Creating temporary table to overcome VIEW dependency errors
CREATE TABLE `view_print_trans_invoice_detail` (
	`invoice_id` SMALLINT(6) NOT NULL,
	`id` SMALLINT(6) NOT NULL,
	`pi_id` SMALLINT(6) NOT NULL,
	`pi_item_category_id` TINYINT(4) NOT NULL,
	`item_id` TINYINT(4) NOT NULL,
	`qty` DECIMAL(20,0) NOT NULL,
	`price` DECIMAL(20,2) NOT NULL,
	`carton_barcode` VARCHAR(50) NULL COLLATE 'utf8mb4_general_ci',
	`expired_date` VARCHAR(50) NULL COLLATE 'utf8mb4_general_ci',
	`production_date` VARCHAR(50) NULL COLLATE 'utf8mb4_general_ci',
	`batch` VARCHAR(50) NULL COLLATE 'utf8mb4_general_ci',
	`is_deleted` ENUM('0','1') NOT NULL COMMENT '0 = No; 1 = Yes;' COLLATE 'utf8mb4_general_ci',
	`hs_code` VARCHAR(20) NOT NULL COLLATE 'utf8mb4_general_ci',
	`item_name` VARCHAR(100) NOT NULL COLLATE 'utf8mb4_general_ci',
	`pack` VARCHAR(5) NOT NULL COLLATE 'utf8mb4_general_ci',
	`total` DECIMAL(40,2) NOT NULL
) ENGINE=MyISAM;

-- Dumping structure for view gpd_gexp.view_print_trans_invoice_footer
DROP VIEW IF EXISTS `view_print_trans_invoice_footer`;
-- Creating temporary table to overcome VIEW dependency errors
CREATE TABLE `view_print_trans_invoice_footer` (
	`invoice_id` SMALLINT(6) NOT NULL,
	`pi_id` SMALLINT(6) NOT NULL,
	`pi_item_category_id` TINYINT(4) NOT NULL,
	`pi_item_category_name` VARCHAR(50) NOT NULL COLLATE 'utf8mb4_general_ci',
	`tot_qty` DECIMAL(42,0) NULL,
	`tot_price` DECIMAL(42,2) NULL,
	`freight_cost` DECIMAL(20,0) NOT NULL,
	`insurance` DECIMAL(20,0) NOT NULL,
	`incoterm_id` TINYINT(4) NOT NULL,
	`grand_total` DECIMAL(64,2) NULL
) ENGINE=MyISAM;

-- Dumping structure for view gpd_gexp.view_print_trans_invoice_header
DROP VIEW IF EXISTS `view_print_trans_invoice_header`;
-- Creating temporary table to overcome VIEW dependency errors
CREATE TABLE `view_print_trans_invoice_header` (
	`id` SMALLINT(6) NOT NULL,
	`pi_id` SMALLINT(6) NOT NULL,
	`inv_no` VARCHAR(25) NOT NULL COMMENT 'Format: 0000/SKP-EXP/PI/MM/YYYY' COLLATE 'utf8mb4_general_ci',
	`po_no` VARCHAR(25) NULL COLLATE 'utf8mb4_general_ci',
	`town` VARCHAR(100) NOT NULL COLLATE 'utf8mb4_general_ci',
	`consignee` MEDIUMTEXT NOT NULL COLLATE 'utf8mb4_general_ci',
	`beneficiary` MEDIUMTEXT NULL COLLATE 'utf8mb4_general_ci',
	`bank` MEDIUMTEXT NOT NULL COLLATE 'utf8mb4_general_ci',
	`destination_port` VARCHAR(100) NULL COLLATE 'utf8mb4_general_ci',
	`estimated` VARCHAR(15) NOT NULL COLLATE 'utf8mb4_general_ci',
	`loading_port` VARCHAR(100) NOT NULL COLLATE 'utf8mb4_general_ci',
	`country_origin` VARCHAR(9) NOT NULL COLLATE 'utf8mb4_general_ci',
	`container` VARCHAR(50) NOT NULL COLLATE 'utf8mb4_general_ci',
	`incoterm` VARCHAR(5) NOT NULL COLLATE 'utf8mb4_general_ci',
	`incoterm_id` TINYINT(4) NOT NULL,
	`ffrn` VARCHAR(50) NULL COLLATE 'utf8mb4_general_ci',
	`currency_name` VARCHAR(50) NOT NULL COLLATE 'utf8mb4_general_ci',
	`currency_icon` VARCHAR(5) NOT NULL COLLATE 'utf8mb4_general_ci',
	`currency_spell` VARCHAR(50) NOT NULL COLLATE 'utf8mb4_general_ci',
	`top_name` VARCHAR(50) NOT NULL COLLATE 'utf8mb4_general_ci',
	`freight_cost` DECIMAL(20,0) NOT NULL,
	`insurance` DECIMAL(20,0) NOT NULL,
	`is_deleted` ENUM('0','1') NOT NULL COMMENT '0 = No; 1 = Yes;' COLLATE 'utf8mb4_general_ci'
) ENGINE=MyISAM;

-- Dumping structure for view gpd_gexp.view_print_trans_packing_detail
DROP VIEW IF EXISTS `view_print_trans_packing_detail`;
-- Creating temporary table to overcome VIEW dependency errors
CREATE TABLE `view_print_trans_packing_detail` (
	`id` SMALLINT(6) NOT NULL,
	`packing_list_id` SMALLINT(6) NOT NULL,
	`pi_detail_id` SMALLINT(6) NOT NULL,
	`carton_barcode` VARCHAR(50) NOT NULL COLLATE 'utf8mb4_general_ci',
	`expired_date` VARCHAR(100) NOT NULL COLLATE 'utf8mb4_general_ci',
	`production_date` VARCHAR(100) NOT NULL COLLATE 'utf8mb4_general_ci',
	`batch` VARCHAR(100) NOT NULL COLLATE 'utf8mb4_general_ci',
	`is_deleted` ENUM('0','1') NOT NULL COMMENT '0 = No; 1 = Yes;' COLLATE 'utf8mb4_general_ci',
	`pi_id` SMALLINT(6) NOT NULL,
	`pi_item_category_id` TINYINT(4) NOT NULL,
	`item_id` TINYINT(4) NOT NULL,
	`qty` DECIMAL(20,0) NOT NULL,
	`hs_code` VARCHAR(20) NOT NULL COLLATE 'utf8mb4_general_ci',
	`item_name` VARCHAR(100) NOT NULL COLLATE 'utf8mb4_general_ci',
	`packing` VARCHAR(5) NOT NULL COLLATE 'utf8mb4_general_ci',
	`net_wight` DECIMAL(20,2) NOT NULL,
	`gross_weight` DECIMAL(20,2) NOT NULL,
	`dimensions` VARCHAR(39) NOT NULL COLLATE 'utf8mb4_general_ci'
) ENGINE=MyISAM;

-- Dumping structure for view gpd_gexp.view_print_trans_packing_header
DROP VIEW IF EXISTS `view_print_trans_packing_header`;
-- Creating temporary table to overcome VIEW dependency errors
CREATE TABLE `view_print_trans_packing_header` (
	`id` SMALLINT(6) NOT NULL,
	`code` VARCHAR(25) NOT NULL COMMENT 'Format: 000/SKP-EXT/PL/MM[romawi]/YYYY' COLLATE 'utf8mb4_general_ci',
	`invoice_id` SMALLINT(6) NOT NULL,
	`dates` DATE NOT NULL,
	`container` VARCHAR(50) NOT NULL COLLATE 'utf8mb4_general_ci',
	`created_at` TIMESTAMP NOT NULL,
	`created_by` TINYINT(4) NOT NULL,
	`updated_at` DATETIME NULL,
	`updated_by` TINYINT(4) NULL,
	`is_deleted` ENUM('0','1') NOT NULL COMMENT '0 = No; 1 = Yes;' COLLATE 'utf8mb4_general_ci',
	`invoice_no` VARCHAR(30) NOT NULL COMMENT 'Format: 0001/SKP-EXP/INV/07/2022' COLLATE 'utf8mb4_general_ci',
	`po_no` VARCHAR(25) NULL COLLATE 'utf8mb4_general_ci',
	`consignee` MEDIUMTEXT NOT NULL COLLATE 'utf8mb4_general_ci',
	`beneficiary` MEDIUMTEXT NULL COLLATE 'utf8mb4_general_ci',
	`discharge_port` VARCHAR(100) NULL COLLATE 'utf8mb4_general_ci',
	`loading_port` VARCHAR(100) NOT NULL COLLATE 'utf8mb4_general_ci',
	`country_origin` VARCHAR(9) NOT NULL COLLATE 'utf8mb4_general_ci'
) ENGINE=MyISAM;

-- Dumping structure for view gpd_gexp.view_print_trans_pi_category
DROP VIEW IF EXISTS `view_print_trans_pi_category`;
-- Creating temporary table to overcome VIEW dependency errors
CREATE TABLE `view_print_trans_pi_category` (
	`pi_id` SMALLINT(6) NOT NULL,
	`item_category_id` TINYINT(4) NOT NULL,
	`item_category_name` VARCHAR(84) NOT NULL COLLATE 'utf8mb4_general_ci',
	`category_name` VARCHAR(50) NOT NULL COLLATE 'utf8mb4_general_ci'
) ENGINE=MyISAM;

-- Dumping structure for view gpd_gexp.view_print_trans_pi_detail
DROP VIEW IF EXISTS `view_print_trans_pi_detail`;
-- Creating temporary table to overcome VIEW dependency errors
CREATE TABLE `view_print_trans_pi_detail` (
	`id` SMALLINT(6) NOT NULL,
	`pi_id` SMALLINT(6) NOT NULL,
	`pi_item_category_id` TINYINT(4) NOT NULL,
	`item_id` TINYINT(4) NOT NULL,
	`qty` DECIMAL(20,0) NOT NULL,
	`price` DECIMAL(20,2) NOT NULL,
	`carton_barcode` VARCHAR(50) NULL COLLATE 'utf8mb4_general_ci',
	`expired_date` VARCHAR(50) NULL COLLATE 'utf8mb4_general_ci',
	`production_date` VARCHAR(50) NULL COLLATE 'utf8mb4_general_ci',
	`batch` VARCHAR(50) NULL COLLATE 'utf8mb4_general_ci',
	`is_deleted` ENUM('0','1') NOT NULL COMMENT '0 = No; 1 = Yes;' COLLATE 'utf8mb4_general_ci',
	`pi_item_category_name` VARCHAR(50) NOT NULL COLLATE 'utf8mb4_general_ci',
	`item_name` VARCHAR(100) NOT NULL COLLATE 'utf8mb4_general_ci',
	`hs_code` VARCHAR(20) NOT NULL COLLATE 'utf8mb4_general_ci',
	`pack_desc` VARCHAR(100) NOT NULL COLLATE 'utf8mb4_general_ci',
	`total` DECIMAL(40,2) NOT NULL,
	`length` DECIMAL(10,0) NOT NULL,
	`width` DECIMAL(10,0) NOT NULL,
	`height` DECIMAL(10,0) NOT NULL,
	`volume` DECIMAL(34,4) NULL,
	`remain_cbm` DECIMAL(54,4) NULL
) ENGINE=MyISAM;

-- Dumping structure for view gpd_gexp.view_print_trans_pi_footer
DROP VIEW IF EXISTS `view_print_trans_pi_footer`;
-- Creating temporary table to overcome VIEW dependency errors
CREATE TABLE `view_print_trans_pi_footer` (
	`pi_id` SMALLINT(6) NOT NULL,
	`tot_qty` DECIMAL(42,0) NULL,
	`tot_price` DECIMAL(42,2) NULL,
	`grand_total` DECIMAL(62,2) NULL
) ENGINE=MyISAM;

-- Dumping structure for view gpd_gexp.view_print_trans_pi_header
DROP VIEW IF EXISTS `view_print_trans_pi_header`;
-- Creating temporary table to overcome VIEW dependency errors
CREATE TABLE `view_print_trans_pi_header` (
	`id` SMALLINT(6) NOT NULL,
	`inv_no` VARCHAR(25) NOT NULL COMMENT 'Format: 0000/SKP-EXP/PI/MM/YYYY' COLLATE 'utf8mb4_general_ci',
	`po_no` VARCHAR(25) NULL COLLATE 'utf8mb4_general_ci',
	`town` VARCHAR(100) NOT NULL COLLATE 'utf8mb4_general_ci',
	`consignee` MEDIUMTEXT NOT NULL COLLATE 'utf8mb4_general_ci',
	`beneficiary` MEDIUMTEXT NULL COLLATE 'utf8mb4_general_ci',
	`bank` MEDIUMTEXT NOT NULL COLLATE 'utf8mb4_general_ci',
	`destination_port` VARCHAR(100) NULL COLLATE 'utf8mb4_general_ci',
	`estimated` VARCHAR(15) NOT NULL COLLATE 'utf8mb4_general_ci',
	`loading_port` VARCHAR(100) NOT NULL COLLATE 'utf8mb4_general_ci',
	`country_origin` VARCHAR(9) NOT NULL COLLATE 'utf8mb4_general_ci',
	`container` VARCHAR(50) NOT NULL COLLATE 'utf8mb4_general_ci',
	`incoterm` VARCHAR(5) NOT NULL COLLATE 'utf8mb4_general_ci',
	`currency_name` VARCHAR(50) NOT NULL COLLATE 'utf8mb4_general_ci',
	`currency_icon` VARCHAR(5) NOT NULL COLLATE 'utf8mb4_general_ci',
	`top_name` VARCHAR(50) NOT NULL COLLATE 'utf8mb4_general_ci',
	`is_deleted` ENUM('0','1') NOT NULL COMMENT '0 = No; 1 = Yes;' COLLATE 'utf8mb4_general_ci'
) ENGINE=MyISAM;

-- Dumping structure for view gpd_gexp.view_print_trans_pi_signature
DROP VIEW IF EXISTS `view_print_trans_pi_signature`;
-- Creating temporary table to overcome VIEW dependency errors
CREATE TABLE `view_print_trans_pi_signature` (
	`pi_id` SMALLINT(6) NOT NULL,
	`customer_id` SMALLINT(6) NOT NULL,
	`pic` VARCHAR(100) NOT NULL COLLATE 'utf8mb4_general_ci',
	`positions` VARCHAR(100) NOT NULL COLLATE 'utf8mb4_general_ci',
	`town` VARCHAR(100) NOT NULL COLLATE 'utf8mb4_general_ci',
	`company_name` VARCHAR(100) NOT NULL COMMENT 'cust consignee name = company name' COLLATE 'utf8mb4_general_ci',
	`cp_name` VARCHAR(100) NOT NULL COLLATE 'utf8mb4_general_ci'
) ENGINE=MyISAM;

-- Dumping structure for view gpd_gexp.view_print_trans_prod_spec_detail
DROP VIEW IF EXISTS `view_print_trans_prod_spec_detail`;
-- Creating temporary table to overcome VIEW dependency errors
CREATE TABLE `view_print_trans_prod_spec_detail` (
	`id` SMALLINT(6) NOT NULL,
	`prod_spec_id` SMALLINT(6) NOT NULL,
	`packing_list_detail_id` SMALLINT(6) NOT NULL,
	`qc_check_id` SMALLINT(6) NOT NULL,
	`description` LONGTEXT NOT NULL COLLATE 'utf8mb4_general_ci',
	`form` VARCHAR(100) NOT NULL COLLATE 'utf8mb4_general_ci',
	`texture` VARCHAR(100) NOT NULL COLLATE 'utf8mb4_general_ci',
	`colour` VARCHAR(100) NOT NULL COLLATE 'utf8mb4_general_ci',
	`taste` VARCHAR(100) NOT NULL COLLATE 'utf8mb4_general_ci',
	`odour` VARCHAR(100) NOT NULL COLLATE 'utf8mb4_general_ci',
	`fat` VARCHAR(100) NOT NULL COLLATE 'utf8mb4_general_ci',
	`moisture` VARCHAR(100) NOT NULL COLLATE 'utf8mb4_general_ci',
	`caffeine` VARCHAR(100) NOT NULL COLLATE 'utf8mb4_general_ci',
	`ingredients` LONGTEXT NOT NULL COLLATE 'utf8mb4_general_ci',
	`product_shelf` VARCHAR(100) NOT NULL COLLATE 'utf8mb4_general_ci',
	`packaging` VARCHAR(100) NOT NULL COLLATE 'utf8mb4_general_ci',
	`storage` VARCHAR(100) NOT NULL COLLATE 'utf8mb4_general_ci',
	`is_deleted` ENUM('0','1') NOT NULL COMMENT '0 = No; 1 = Yes;' COLLATE 'utf8mb4_general_ci',
	`item_category` VARCHAR(50) NOT NULL COLLATE 'utf8mb4_general_ci',
	`item_name` VARCHAR(100) NOT NULL COLLATE 'utf8mb4_general_ci',
	`po_no` VARCHAR(25) NULL COLLATE 'utf8mb4_general_ci',
	`total_plate` VARCHAR(100) NOT NULL COLLATE 'utf8mb4_general_ci',
	`yeast` VARCHAR(100) NOT NULL COLLATE 'utf8mb4_general_ci',
	`coliform` VARCHAR(100) NOT NULL COLLATE 'utf8mb4_general_ci',
	`salmonella` VARCHAR(100) NOT NULL COLLATE 'utf8mb4_general_ci',
	`mercury` VARCHAR(100) NOT NULL COLLATE 'utf8mb4_general_ci',
	`lead` VARCHAR(100) NOT NULL COLLATE 'utf8mb4_general_ci',
	`cadmium` VARCHAR(100) NOT NULL COLLATE 'utf8mb4_general_ci',
	`tin` VARCHAR(100) NOT NULL COLLATE 'utf8mb4_general_ci',
	`arsenic` VARCHAR(100) NOT NULL COLLATE 'utf8mb4_general_ci'
) ENGINE=MyISAM;

-- Dumping structure for view gpd_gexp.view_print_trans_qcertificate_detail
DROP VIEW IF EXISTS `view_print_trans_qcertificate_detail`;
-- Creating temporary table to overcome VIEW dependency errors
CREATE TABLE `view_print_trans_qcertificate_detail` (
	`id` SMALLINT(6) NOT NULL,
	`code` VARCHAR(25) NOT NULL COLLATE 'utf8mb4_general_ci',
	`coa_id` SMALLINT(6) NOT NULL,
	`invoice_id` SMALLINT(6) NOT NULL,
	`created_at` TIMESTAMP NOT NULL,
	`created_by` TINYINT(4) NOT NULL,
	`updated_at` DATETIME NULL,
	`updated_by` TINYINT(4) NULL,
	`po_no` VARCHAR(25) NULL COLLATE 'utf8mb4_general_ci',
	`container` VARCHAR(50) NOT NULL COLLATE 'utf8mb4_general_ci',
	`production_date` VARCHAR(100) NOT NULL COLLATE 'utf8mb4_general_ci',
	`expired_date` VARCHAR(100) NOT NULL COLLATE 'utf8mb4_general_ci',
	`carton_barcode` VARCHAR(50) NOT NULL COLLATE 'utf8mb4_general_ci',
	`item_name` VARCHAR(100) NOT NULL COLLATE 'utf8mb4_general_ci'
) ENGINE=MyISAM;

-- Dumping structure for view gpd_gexp.view_print_trans_qcertificate_header
DROP VIEW IF EXISTS `view_print_trans_qcertificate_header`;
-- Creating temporary table to overcome VIEW dependency errors
CREATE TABLE `view_print_trans_qcertificate_header` (
	`id` SMALLINT(6) NOT NULL,
	`code` VARCHAR(25) NOT NULL COLLATE 'utf8mb4_general_ci',
	`coa_id` SMALLINT(6) NOT NULL,
	`invoice_id` SMALLINT(6) NOT NULL,
	`created_at` TIMESTAMP NOT NULL,
	`created_by` TINYINT(4) NOT NULL,
	`updated_at` DATETIME NULL,
	`updated_by` TINYINT(4) NULL,
	`consignee` VARCHAR(100) NOT NULL COMMENT 'cust consignee name = company name' COLLATE 'utf8mb4_general_ci',
	`item_category` VARCHAR(50) NOT NULL COLLATE 'utf8mb4_general_ci',
	`invoice_no` VARCHAR(30) NOT NULL COMMENT 'Format: 0001/SKP-EXP/INV/07/2022' COLLATE 'utf8mb4_general_ci',
	`coa_no` VARCHAR(50) NOT NULL COMMENT 'Format: 000/MM/YYYY/3 Digit Negara' COLLATE 'utf8mb4_general_ci'
) ENGINE=MyISAM;

-- Dumping structure for view gpd_gexp.view_trans_coa_country
DROP VIEW IF EXISTS `view_trans_coa_country`;
-- Creating temporary table to overcome VIEW dependency errors
CREATE TABLE `view_trans_coa_country` (
	`id` SMALLINT(6) NOT NULL,
	`pi_id` SMALLINT(6) NOT NULL,
	`code` VARCHAR(30) NOT NULL COMMENT 'Format: 0001/SKP-EXP/INV/07/2022' COLLATE 'utf8mb4_general_ci',
	`ffrn` VARCHAR(50) NULL COLLATE 'utf8mb4_general_ci',
	`created_at` TIMESTAMP NOT NULL,
	`created_by` TINYINT(4) NOT NULL,
	`updated_at` DATETIME NULL,
	`updated_by` TINYINT(4) NULL,
	`is_deleted` ENUM('0','1') NOT NULL COMMENT '0 = No; 1 = Yes;' COLLATE 'utf8mb4_general_ci',
	`country_code` VARCHAR(5) NOT NULL COLLATE 'utf8mb4_general_ci'
) ENGINE=MyISAM;

-- Dumping structure for view gpd_gexp.view_trans_coa_invoice
DROP VIEW IF EXISTS `view_trans_coa_invoice`;
-- Creating temporary table to overcome VIEW dependency errors
CREATE TABLE `view_trans_coa_invoice` (
	`invoice_id` SMALLINT(6) NOT NULL,
	`invoice_no` VARCHAR(30) NOT NULL COMMENT 'Format: 0001/SKP-EXP/INV/07/2022' COLLATE 'utf8mb4_general_ci'
) ENGINE=MyISAM;

-- Dumping structure for view gpd_gexp.view_trans_coa_item
DROP VIEW IF EXISTS `view_trans_coa_item`;
-- Creating temporary table to overcome VIEW dependency errors
CREATE TABLE `view_trans_coa_item` (
	`pi_id` SMALLINT(6) NOT NULL,
	`invoice_id` SMALLINT(6) NOT NULL,
	`packing_list_detail_id` SMALLINT(6) NOT NULL,
	`item_id` TINYINT(4) NOT NULL,
	`item_code` VARCHAR(20) NOT NULL COLLATE 'utf8mb4_general_ci',
	`item_name` VARCHAR(100) NOT NULL COLLATE 'utf8mb4_general_ci',
	`coa_id` SMALLINT(6) NULL,
	`qcheck_id` SMALLINT(6) NOT NULL
) ENGINE=MyISAM;

-- Dumping structure for view gpd_gexp.view_trans_coa_list
DROP VIEW IF EXISTS `view_trans_coa_list`;
-- Creating temporary table to overcome VIEW dependency errors
CREATE TABLE `view_trans_coa_list` (
	`id` SMALLINT(6) NOT NULL,
	`coa_id` SMALLINT(6) NOT NULL,
	`packing_list_detail_id` SMALLINT(6) NOT NULL,
	`qc_check_id` SMALLINT(6) NOT NULL,
	`mercury` VARCHAR(100) NOT NULL COLLATE 'utf8mb4_general_ci',
	`lead` VARCHAR(100) NOT NULL COLLATE 'utf8mb4_general_ci',
	`cadmium` VARCHAR(100) NOT NULL COLLATE 'utf8mb4_general_ci',
	`tin` VARCHAR(100) NOT NULL COLLATE 'utf8mb4_general_ci',
	`arsenic` VARCHAR(100) NOT NULL COLLATE 'utf8mb4_general_ci',
	`is_deleted` ENUM('0','1') NOT NULL COMMENT '0 = No; 1 = Yes;' COLLATE 'utf8mb4_general_ci',
	`code` VARCHAR(50) NOT NULL COMMENT 'Format: 000/MM/YYYY/3 Digit Negara' COLLATE 'utf8mb4_general_ci',
	`created_at` TIMESTAMP NOT NULL,
	`invoice_no` VARCHAR(30) NOT NULL COMMENT 'Format: 0001/SKP-EXP/INV/07/2022' COLLATE 'utf8mb4_general_ci',
	`item_name` VARCHAR(100) NOT NULL COLLATE 'utf8mb4_general_ci'
) ENGINE=MyISAM;

-- Dumping structure for view gpd_gexp.view_trans_coa_qcheck
DROP VIEW IF EXISTS `view_trans_coa_qcheck`;
-- Creating temporary table to overcome VIEW dependency errors
CREATE TABLE `view_trans_coa_qcheck` (
	`id` SMALLINT(6) NOT NULL,
	`code` VARCHAR(20) NOT NULL COMMENT 'Format: 0001/SKP-QC/07/2022' COLLATE 'utf8mb4_general_ci',
	`item_id` TINYINT(4) NOT NULL,
	`production_date` DATE NOT NULL,
	`expired_date` DATE NOT NULL,
	`aroma` VARCHAR(100) NOT NULL COLLATE 'utf8mb4_general_ci',
	`taste` VARCHAR(100) NOT NULL COLLATE 'utf8mb4_general_ci',
	`value` VARCHAR(100) NOT NULL COLLATE 'utf8mb4_general_ci',
	`moisture` VARCHAR(100) NOT NULL COLLATE 'utf8mb4_general_ci',
	`ph` VARCHAR(100) NOT NULL COLLATE 'utf8mb4_general_ci',
	`brix` VARCHAR(100) NOT NULL COLLATE 'utf8mb4_general_ci',
	`finish_good_date` DATE NOT NULL,
	`analys_date` DATE NOT NULL,
	`analys_end_date` DATE NOT NULL,
	`total_plate` VARCHAR(100) NOT NULL COLLATE 'utf8mb4_general_ci',
	`yeast` VARCHAR(100) NOT NULL COLLATE 'utf8mb4_general_ci',
	`salmonella` VARCHAR(100) NOT NULL COLLATE 'utf8mb4_general_ci',
	`enterobacteriaceae` VARCHAR(100) NOT NULL COLLATE 'utf8mb4_general_ci',
	`qc_status_id` TINYINT(4) NOT NULL,
	`release_date` DATE NOT NULL,
	`created_at` TIMESTAMP NOT NULL,
	`created_by` TINYINT(4) NOT NULL,
	`updated_at` DATETIME NULL,
	`updated_by` TINYINT(4) NULL,
	`is_deleted` ENUM('0','1') NOT NULL COMMENT '0 = No; 1 = Yes;' COLLATE 'utf8mb4_general_ci',
	`batch` VARCHAR(100) NOT NULL COLLATE 'utf8mb4_general_ci',
	`packing_detail_id` SMALLINT(6) NOT NULL,
	`pi_id` SMALLINT(6) NOT NULL
) ENGINE=MyISAM;

-- Dumping structure for view gpd_gexp.view_trans_export_terms_list
DROP VIEW IF EXISTS `view_trans_export_terms_list`;
-- Creating temporary table to overcome VIEW dependency errors
CREATE TABLE `view_trans_export_terms_list` (
	`pi_id` SMALLINT(6) NOT NULL,
	`expterm_id` SMALLINT(6) NULL,
	`code` VARCHAR(25) NULL COLLATE 'utf8mb4_general_ci',
	`pi_no` VARCHAR(25) NOT NULL COMMENT 'Format: 0000/SKP-EXP/PI/MM/YYYY' COLLATE 'utf8mb4_general_ci',
	`pi_date` VARCHAR(10) NULL COLLATE 'utf8mb4_general_ci',
	`file` VARCHAR(100) NULL COLLATE 'utf8mb4_general_ci',
	`cust_name` VARCHAR(100) NOT NULL COMMENT 'cust consignee name = company name' COLLATE 'utf8mb4_general_ci',
	`country_name` VARCHAR(50) NOT NULL COLLATE 'utf8mb4_general_ci',
	`pi_status_id` TINYINT(4) NULL,
	`created_at` VARCHAR(19) NULL COLLATE 'utf8mb4_general_ci',
	`updated_at` VARCHAR(19) NULL COLLATE 'utf8mb4_general_ci',
	`pi_status_name` VARCHAR(50) NULL COLLATE 'utf8mb4_general_ci',
	`bg_color` VARCHAR(50) NULL COLLATE 'utf8mb4_general_ci'
) ENGINE=MyISAM;

-- Dumping structure for view gpd_gexp.view_trans_invoice_list
DROP VIEW IF EXISTS `view_trans_invoice_list`;
-- Creating temporary table to overcome VIEW dependency errors
CREATE TABLE `view_trans_invoice_list` (
	`id` SMALLINT(6) NOT NULL,
	`pi_id` SMALLINT(6) NOT NULL,
	`code` VARCHAR(30) NOT NULL COMMENT 'Format: 0001/SKP-EXP/INV/07/2022' COLLATE 'utf8mb4_general_ci',
	`ffrn` VARCHAR(50) NULL COLLATE 'utf8mb4_general_ci',
	`created_at` TIMESTAMP NOT NULL,
	`created_by` TINYINT(4) NOT NULL,
	`updated_at` DATETIME NULL,
	`updated_by` TINYINT(4) NULL,
	`is_deleted` ENUM('0','1') NOT NULL COMMENT '0 = No; 1 = Yes;' COLLATE 'utf8mb4_general_ci',
	`consignee_name` VARCHAR(100) NOT NULL COMMENT 'cust consignee name = company name' COLLATE 'utf8mb4_general_ci',
	`notify_name` VARCHAR(100) NOT NULL COLLATE 'utf8mb4_general_ci',
	`shipper_name` VARCHAR(100) NOT NULL COLLATE 'utf8mb4_general_ci'
) ENGINE=MyISAM;

-- Dumping structure for view gpd_gexp.view_trans_packing_list
DROP VIEW IF EXISTS `view_trans_packing_list`;
-- Creating temporary table to overcome VIEW dependency errors
CREATE TABLE `view_trans_packing_list` (
	`id` SMALLINT(6) NOT NULL,
	`code` VARCHAR(25) NOT NULL COMMENT 'Format: 000/SKP-EXT/PL/MM[romawi]/YYYY' COLLATE 'utf8mb4_general_ci',
	`invoice_id` SMALLINT(6) NOT NULL,
	`dates` DATE NOT NULL,
	`container` VARCHAR(50) NOT NULL COLLATE 'utf8mb4_general_ci',
	`created_at` TIMESTAMP NOT NULL,
	`created_by` TINYINT(4) NOT NULL,
	`updated_at` DATETIME NULL,
	`updated_by` TINYINT(4) NULL,
	`is_deleted` ENUM('0','1') NOT NULL COMMENT '0 = No; 1 = Yes;' COLLATE 'utf8mb4_general_ci',
	`consignee_name` VARCHAR(100) NOT NULL COMMENT 'cust consignee name = company name' COLLATE 'utf8mb4_general_ci',
	`notify_name` VARCHAR(100) NOT NULL COLLATE 'utf8mb4_general_ci',
	`shipper_name` VARCHAR(100) NOT NULL COLLATE 'utf8mb4_general_ci'
) ENGINE=MyISAM;

-- Dumping structure for view gpd_gexp.view_trans_pi_detail
DROP VIEW IF EXISTS `view_trans_pi_detail`;
-- Creating temporary table to overcome VIEW dependency errors
CREATE TABLE `view_trans_pi_detail` (
	`id` SMALLINT(6) NOT NULL,
	`pi_no` VARCHAR(25) NOT NULL COMMENT 'Format: 0000/SKP-EXP/PI/MM/YYYY' COLLATE 'utf8mb4_general_ci',
	`pi_date` VARCHAR(10) NULL COLLATE 'utf8mb4_general_ci',
	`po_no` VARCHAR(25) NULL COLLATE 'utf8mb4_general_ci',
	`consignee_name` VARCHAR(100) NOT NULL COMMENT 'cust consignee name = company name' COLLATE 'utf8mb4_general_ci',
	`consginee_address` TEXT NOT NULL COLLATE 'utf8mb4_general_ci',
	`consignee_country` VARCHAR(50) NOT NULL COLLATE 'utf8mb4_general_ci',
	`consignee_phone` VARCHAR(20) NOT NULL COLLATE 'utf8mb4_general_ci',
	`consignee_cp` VARCHAR(100) NOT NULL COLLATE 'utf8mb4_general_ci',
	`beneficiary_name` VARCHAR(100) NOT NULL COLLATE 'utf8mb4_general_ci',
	`beneficiary_address` TEXT NOT NULL COLLATE 'utf8mb4_general_ci',
	`beneficiary_country` VARCHAR(50) NOT NULL COLLATE 'utf8mb4_general_ci',
	`beneficiary_phone` VARCHAR(20) NULL COLLATE 'utf8mb4_general_ci',
	`beneficiary_cp` VARCHAR(100) NOT NULL COLLATE 'utf8mb4_general_ci',
	`data_loading_port` VARCHAR(100) NOT NULL COLLATE 'utf8mb4_general_ci',
	`data_discharge_port` VARCHAR(100) NULL COLLATE 'utf8mb4_general_ci',
	`data_destination_port` VARCHAR(100) NULL COLLATE 'utf8mb4_general_ci',
	`container_name` VARCHAR(50) NOT NULL COLLATE 'utf8mb4_general_ci',
	`number_of_container` DECIMAL(20,0) NOT NULL,
	`freight_company` VARCHAR(100) NOT NULL COLLATE 'utf8mb4_general_ci',
	`freight_company_contact` VARCHAR(100) NOT NULL COLLATE 'utf8mb4_general_ci',
	`freight_company_no` DECIMAL(20,0) NOT NULL,
	`freight_cost` DECIMAL(20,0) NOT NULL,
	`insurance` DECIMAL(20,0) NOT NULL,
	`data_bank_name` VARCHAR(100) NOT NULL COLLATE 'utf8mb4_general_ci',
	`data_currency` VARCHAR(50) NOT NULL COLLATE 'utf8mb4_general_ci',
	`data_ppn` VARCHAR(3) NOT NULL COLLATE 'utf8mb4_general_ci',
	`data_top` VARCHAR(50) NOT NULL COLLATE 'utf8mb4_general_ci',
	`incoterm_name` VARCHAR(50) NOT NULL COLLATE 'utf8mb4_general_ci',
	`incoterm_code` VARCHAR(5) NOT NULL COLLATE 'utf8mb4_general_ci',
	`max_cbm` DECIMAL(3,0) NOT NULL,
	`is_deleted` ENUM('0','1') NOT NULL COMMENT '0 = No; 1 = Yes;' COLLATE 'utf8mb4_general_ci',
	`pi_status_id` TINYINT(4) NOT NULL,
	`pi_status` VARCHAR(50) NOT NULL COLLATE 'utf8mb4_general_ci'
) ENGINE=MyISAM;

-- Dumping structure for view gpd_gexp.view_trans_pi_detail_item
DROP VIEW IF EXISTS `view_trans_pi_detail_item`;
-- Creating temporary table to overcome VIEW dependency errors
CREATE TABLE `view_trans_pi_detail_item` (
	`id` SMALLINT(6) NOT NULL,
	`pi_id` SMALLINT(6) NOT NULL,
	`pi_item_category_id` TINYINT(4) NOT NULL,
	`item_id` TINYINT(4) NOT NULL,
	`qty` DECIMAL(20,0) NOT NULL,
	`price` DECIMAL(20,2) NOT NULL,
	`is_deleted` ENUM('0','1') NOT NULL COMMENT '0 = No; 1 = Yes;' COLLATE 'utf8mb4_general_ci',
	`pi_item_category_name` VARCHAR(50) NOT NULL COLLATE 'utf8mb4_general_ci',
	`item_name` VARCHAR(100) NOT NULL COLLATE 'utf8mb4_general_ci',
	`length` DECIMAL(10,0) NOT NULL,
	`width` DECIMAL(10,0) NOT NULL,
	`height` DECIMAL(10,0) NOT NULL,
	`volume` DECIMAL(34,4) NULL,
	`cbm` DECIMAL(65,4) NULL
) ENGINE=MyISAM;

-- Dumping structure for view gpd_gexp.view_trans_pi_email_detail
DROP VIEW IF EXISTS `view_trans_pi_email_detail`;
-- Creating temporary table to overcome VIEW dependency errors
CREATE TABLE `view_trans_pi_email_detail` (
	`id` MEDIUMINT(9) NOT NULL,
	`pi_id` SMALLINT(6) NOT NULL,
	`pi_item_id` TINYINT(4) UNSIGNED NOT NULL,
	`dates` DATE NULL,
	`value` VARCHAR(200) NULL COLLATE 'utf8mb4_general_ci',
	`is_sent` ENUM('0','1') NOT NULL COLLATE 'utf8mb4_general_ci',
	`created_at` TIMESTAMP NOT NULL,
	`created_by` TINYINT(4) NOT NULL,
	`updated_at` DATETIME NULL,
	`updated_by` TINYINT(4) NULL,
	`item` VARCHAR(100) NOT NULL COLLATE 'utf8mb4_general_ci',
	`fullname` VARCHAR(100) NOT NULL COLLATE 'utf8mb4_general_ci'
) ENGINE=MyISAM;

-- Dumping structure for view gpd_gexp.view_trans_pi_email_header
DROP VIEW IF EXISTS `view_trans_pi_email_header`;
-- Creating temporary table to overcome VIEW dependency errors
CREATE TABLE `view_trans_pi_email_header` (
	`pi_id` SMALLINT(6) NOT NULL,
	`pi_no` VARCHAR(25) NOT NULL COMMENT 'Format: 0000/SKP-EXP/PI/MM/YYYY' COLLATE 'utf8mb4_general_ci',
	`progress` DECIMAL(28,2) NULL
) ENGINE=MyISAM;

-- Dumping structure for view gpd_gexp.view_trans_pi_email_user
DROP VIEW IF EXISTS `view_trans_pi_email_user`;
-- Creating temporary table to overcome VIEW dependency errors
CREATE TABLE `view_trans_pi_email_user` (
	`id` TINYINT(4) NOT NULL,
	`email` VARCHAR(100) NOT NULL COLLATE 'utf8mb4_general_ci'
) ENGINE=MyISAM;

-- Dumping structure for view gpd_gexp.view_trans_pi_expterm
DROP VIEW IF EXISTS `view_trans_pi_expterm`;
-- Creating temporary table to overcome VIEW dependency errors
CREATE TABLE `view_trans_pi_expterm` (
	`id` SMALLINT(6) NOT NULL,
	`pi_no` VARCHAR(25) NOT NULL COMMENT 'Format: 0000/SKP-EXP/PI/MM/YYYY' COLLATE 'utf8mb4_general_ci',
	`pi_id` SMALLINT(6) NULL
) ENGINE=MyISAM;

-- Dumping structure for view gpd_gexp.view_trans_pi_invoice
DROP VIEW IF EXISTS `view_trans_pi_invoice`;
-- Creating temporary table to overcome VIEW dependency errors
CREATE TABLE `view_trans_pi_invoice` (
	`id` SMALLINT(6) NOT NULL,
	`pi_no` VARCHAR(25) NOT NULL COMMENT 'Format: 0000/SKP-EXP/PI/MM/YYYY' COLLATE 'utf8mb4_general_ci'
) ENGINE=MyISAM;

-- Dumping structure for view gpd_gexp.view_trans_pi_list
DROP VIEW IF EXISTS `view_trans_pi_list`;
-- Creating temporary table to overcome VIEW dependency errors
CREATE TABLE `view_trans_pi_list` (
	`id` SMALLINT(6) NOT NULL,
	`code` VARCHAR(25) NOT NULL COMMENT 'Format: 0000/SKP-EXP/PI/MM/YYYY' COLLATE 'utf8mb4_general_ci',
	`po_no` VARCHAR(25) NULL COLLATE 'utf8mb4_general_ci',
	`customer_id` SMALLINT(6) NOT NULL,
	`consignee_id` SMALLINT(6) NOT NULL,
	`beneficiary_id` TINYINT(4) NOT NULL,
	`loading_port_id` TINYINT(4) NOT NULL,
	`customer_ship_id` SMALLINT(6) NOT NULL,
	`container_id` TINYINT(4) NOT NULL,
	`number_of_container` DECIMAL(20,0) NOT NULL,
	`freight_company` VARCHAR(100) NOT NULL COLLATE 'utf8mb4_general_ci',
	`freight_company_contact` VARCHAR(100) NOT NULL COLLATE 'utf8mb4_general_ci',
	`freight_company_no` DECIMAL(20,0) NOT NULL,
	`freight_cost` DECIMAL(20,0) NOT NULL,
	`insurance` DECIMAL(20,0) NOT NULL,
	`bank_id` TINYINT(4) NOT NULL,
	`currency_id` TINYINT(4) NOT NULL,
	`ppn` ENUM('0','1') NOT NULL COMMENT '0 = No; 1 = Yes;' COLLATE 'utf8mb4_general_ci',
	`top_id` TINYINT(4) NOT NULL,
	`remark` TEXT NULL COLLATE 'utf8mb4_general_ci',
	`attachment` VARCHAR(200) NULL COLLATE 'utf8mb4_general_ci',
	`pi_status_id` TINYINT(4) NOT NULL,
	`created_at` TIMESTAMP NOT NULL,
	`created_by` TINYINT(4) NOT NULL,
	`updated_at` DATETIME NULL,
	`updated_by` TINYINT(4) NULL,
	`is_deleted` ENUM('0','1') NOT NULL COMMENT '0 = No; 1 = Yes;' COLLATE 'utf8mb4_general_ci',
	`pi_date` VARCHAR(10) NULL COLLATE 'utf8mb4_general_ci',
	`customer` VARCHAR(100) NOT NULL COMMENT 'cust consignee name = company name' COLLATE 'utf8mb4_general_ci',
	`country_name` VARCHAR(50) NOT NULL COLLATE 'utf8mb4_general_ci',
	`pic` VARCHAR(100) NOT NULL COLLATE 'utf8mb4_general_ci',
	`status_name` VARCHAR(50) NOT NULL COLLATE 'utf8mb4_general_ci',
	`bg_color` VARCHAR(50) NOT NULL COLLATE 'utf8mb4_general_ci',
	`display` VARCHAR(22) NOT NULL COLLATE 'utf8mb4_general_ci',
	`display_wh` VARCHAR(22) NOT NULL COLLATE 'utf8mb4_general_ci',
	`progress` DECIMAL(28,2) NULL
) ENGINE=MyISAM;

-- Dumping structure for view gpd_gexp.view_trans_pi_packing
DROP VIEW IF EXISTS `view_trans_pi_packing`;
-- Creating temporary table to overcome VIEW dependency errors
CREATE TABLE `view_trans_pi_packing` (
	`inv_id` SMALLINT(6) NOT NULL,
	`inv_no` VARCHAR(30) NOT NULL COMMENT 'Format: 0001/SKP-EXP/INV/07/2022' COLLATE 'utf8mb4_general_ci'
) ENGINE=MyISAM;

-- Dumping structure for view gpd_gexp.view_trans_pi_packing_detail
DROP VIEW IF EXISTS `view_trans_pi_packing_detail`;
-- Creating temporary table to overcome VIEW dependency errors
CREATE TABLE `view_trans_pi_packing_detail` (
	`id` SMALLINT(6) NOT NULL,
	`code` VARCHAR(25) NOT NULL COMMENT 'Format: 000/SKP-EXT/PL/MM[romawi]/YYYY' COLLATE 'utf8mb4_general_ci',
	`invoice_id` SMALLINT(6) NOT NULL,
	`dates` DATE NOT NULL,
	`container` VARCHAR(50) NOT NULL COLLATE 'utf8mb4_general_ci',
	`created_at` TIMESTAMP NOT NULL,
	`created_by` TINYINT(4) NOT NULL,
	`updated_at` DATETIME NULL,
	`updated_by` TINYINT(4) NULL,
	`is_deleted` ENUM('0','1') NOT NULL COMMENT '0 = No; 1 = Yes;' COLLATE 'utf8mb4_general_ci',
	`invoice_code` VARCHAR(30) NOT NULL COMMENT 'Format: 0001/SKP-EXP/INV/07/2022' COLLATE 'utf8mb4_general_ci',
	`cons_name` VARCHAR(100) NOT NULL COMMENT 'cust consignee name = company name' COLLATE 'utf8mb4_general_ci',
	`cons_address` TEXT NOT NULL COLLATE 'utf8mb4_general_ci',
	`cons_phone` VARCHAR(20) NOT NULL COLLATE 'utf8mb4_general_ci',
	`cons_country_name` VARCHAR(50) NOT NULL COLLATE 'utf8mb4_general_ci',
	`not_name` VARCHAR(100) NOT NULL COLLATE 'utf8mb4_general_ci',
	`not_address` TEXT NOT NULL COLLATE 'utf8mb4_general_ci',
	`not_phone` VARCHAR(20) NOT NULL COLLATE 'utf8mb4_general_ci',
	`not_country_name` VARCHAR(50) NOT NULL COLLATE 'utf8mb4_general_ci',
	`cp_name` VARCHAR(100) NOT NULL COLLATE 'utf8mb4_general_ci',
	`ship_name` VARCHAR(100) NOT NULL COLLATE 'utf8mb4_general_ci',
	`ship_address` TEXT NOT NULL COLLATE 'utf8mb4_general_ci',
	`discharge_port` VARCHAR(100) NULL COLLATE 'utf8mb4_general_ci',
	`loading_port` VARCHAR(100) NOT NULL COLLATE 'utf8mb4_general_ci',
	`country_origin` VARCHAR(9) NOT NULL COLLATE 'utf8mb4_general_ci'
) ENGINE=MyISAM;

-- Dumping structure for view gpd_gexp.view_trans_pi_packing_detail_list
DROP VIEW IF EXISTS `view_trans_pi_packing_detail_list`;
-- Creating temporary table to overcome VIEW dependency errors
CREATE TABLE `view_trans_pi_packing_detail_list` (
	`id` SMALLINT(6) NOT NULL,
	`code` VARCHAR(25) NOT NULL COMMENT 'Format: 000/SKP-EXT/PL/MM[romawi]/YYYY' COLLATE 'utf8mb4_general_ci',
	`invoice_id` SMALLINT(6) NOT NULL,
	`dates` DATE NOT NULL,
	`container` VARCHAR(50) NOT NULL COLLATE 'utf8mb4_general_ci',
	`created_at` TIMESTAMP NOT NULL,
	`created_by` TINYINT(4) NOT NULL,
	`updated_at` DATETIME NULL,
	`updated_by` TINYINT(4) NULL,
	`is_deleted` ENUM('0','1') NOT NULL COMMENT '0 = No; 1 = Yes;' COLLATE 'utf8mb4_general_ci',
	`invoice_code` VARCHAR(30) NOT NULL COMMENT 'Format: 0001/SKP-EXP/INV/07/2022' COLLATE 'utf8mb4_general_ci',
	`pi_detail_id` SMALLINT(6) NOT NULL,
	`qty` DECIMAL(20,0) NOT NULL,
	`price` DECIMAL(20,2) NOT NULL,
	`carton_barcode` VARCHAR(50) NULL COLLATE 'utf8mb4_general_ci',
	`expired_date` VARCHAR(50) NULL COLLATE 'utf8mb4_general_ci',
	`production_date` VARCHAR(50) NULL COLLATE 'utf8mb4_general_ci',
	`batch` VARCHAR(50) NULL COLLATE 'utf8mb4_general_ci',
	`hs_code` VARCHAR(20) NOT NULL COLLATE 'utf8mb4_general_ci',
	`item_name` VARCHAR(100) NOT NULL COLLATE 'utf8mb4_general_ci',
	`pack_desc` VARCHAR(100) NOT NULL COLLATE 'utf8mb4_general_ci',
	`net_wight` DECIMAL(20,2) NOT NULL,
	`gross_weight` DECIMAL(20,2) NOT NULL,
	`dimensions` VARCHAR(39) NOT NULL COLLATE 'utf8mb4_general_ci'
) ENGINE=MyISAM;

-- Dumping structure for view gpd_gexp.view_trans_pi_packing_get
DROP VIEW IF EXISTS `view_trans_pi_packing_get`;
-- Creating temporary table to overcome VIEW dependency errors
CREATE TABLE `view_trans_pi_packing_get` (
	`id` SMALLINT(6) NOT NULL,
	`pi_id` SMALLINT(6) NOT NULL,
	`code` VARCHAR(30) NOT NULL COMMENT 'Format: 0001/SKP-EXP/INV/07/2022' COLLATE 'utf8mb4_general_ci',
	`ffrn` VARCHAR(50) NULL COLLATE 'utf8mb4_general_ci',
	`created_at` TIMESTAMP NOT NULL,
	`created_by` TINYINT(4) NOT NULL,
	`updated_at` DATETIME NULL,
	`updated_by` TINYINT(4) NULL,
	`is_deleted` ENUM('0','1') NOT NULL COMMENT '0 = No; 1 = Yes;' COLLATE 'utf8mb4_general_ci',
	`cons_name` VARCHAR(100) NOT NULL COMMENT 'cust consignee name = company name' COLLATE 'utf8mb4_general_ci',
	`cons_address` TEXT NOT NULL COLLATE 'utf8mb4_general_ci',
	`cons_phone` VARCHAR(20) NOT NULL COLLATE 'utf8mb4_general_ci',
	`cons_country_name` VARCHAR(50) NOT NULL COLLATE 'utf8mb4_general_ci',
	`not_name` VARCHAR(100) NOT NULL COLLATE 'utf8mb4_general_ci',
	`not_address` TEXT NOT NULL COLLATE 'utf8mb4_general_ci',
	`not_phone` VARCHAR(20) NOT NULL COLLATE 'utf8mb4_general_ci',
	`not_country_name` VARCHAR(50) NOT NULL COLLATE 'utf8mb4_general_ci',
	`cp_name` VARCHAR(100) NOT NULL COLLATE 'utf8mb4_general_ci',
	`ship_name` VARCHAR(100) NOT NULL COLLATE 'utf8mb4_general_ci',
	`ship_address` TEXT NOT NULL COLLATE 'utf8mb4_general_ci',
	`discharge_port` VARCHAR(100) NULL COLLATE 'utf8mb4_general_ci',
	`loading_port` VARCHAR(100) NOT NULL COLLATE 'utf8mb4_general_ci',
	`country_origin` VARCHAR(9) NOT NULL COLLATE 'utf8mb4_general_ci'
) ENGINE=MyISAM;

-- Dumping structure for view gpd_gexp.view_trans_pi_packing_item_get
DROP VIEW IF EXISTS `view_trans_pi_packing_item_get`;
-- Creating temporary table to overcome VIEW dependency errors
CREATE TABLE `view_trans_pi_packing_item_get` (
	`id` SMALLINT(6) NOT NULL,
	`pi_id` SMALLINT(6) NOT NULL,
	`code` VARCHAR(30) NOT NULL COMMENT 'Format: 0001/SKP-EXP/INV/07/2022' COLLATE 'utf8mb4_general_ci',
	`ffrn` VARCHAR(50) NULL COLLATE 'utf8mb4_general_ci',
	`created_at` TIMESTAMP NOT NULL,
	`created_by` TINYINT(4) NOT NULL,
	`updated_at` DATETIME NULL,
	`updated_by` TINYINT(4) NULL,
	`is_deleted` ENUM('0','1') NOT NULL COMMENT '0 = No; 1 = Yes;' COLLATE 'utf8mb4_general_ci',
	`pi_detail_id` SMALLINT(6) NOT NULL,
	`qty` DECIMAL(20,0) NOT NULL,
	`price` DECIMAL(20,2) NOT NULL,
	`hs_code` VARCHAR(20) NOT NULL COLLATE 'utf8mb4_general_ci',
	`item_name` VARCHAR(100) NOT NULL COLLATE 'utf8mb4_general_ci',
	`pack_desc` VARCHAR(100) NOT NULL COLLATE 'utf8mb4_general_ci',
	`net_wight` DECIMAL(20,2) NOT NULL,
	`gross_weight` DECIMAL(20,2) NOT NULL,
	`dimensions` VARCHAR(39) NOT NULL COLLATE 'utf8mb4_general_ci'
) ENGINE=MyISAM;

-- Dumping structure for view gpd_gexp.view_trans_pi_signed_item
DROP VIEW IF EXISTS `view_trans_pi_signed_item`;
-- Creating temporary table to overcome VIEW dependency errors
CREATE TABLE `view_trans_pi_signed_item` (
	`id` MEDIUMINT(9) NOT NULL,
	`pi_id` SMALLINT(6) NOT NULL,
	`pi_item_id` TINYINT(4) UNSIGNED NOT NULL,
	`dates` DATE NULL,
	`value` VARCHAR(200) NULL COLLATE 'utf8mb4_general_ci',
	`is_sent` ENUM('0','1') NOT NULL COLLATE 'utf8mb4_general_ci',
	`created_at` TIMESTAMP NOT NULL,
	`created_by` TINYINT(4) NOT NULL,
	`updated_at` DATETIME NULL,
	`updated_by` TINYINT(4) NULL,
	`item` VARCHAR(100) NOT NULL COLLATE 'utf8mb4_general_ci',
	`option_id` TINYINT(4) NOT NULL,
	`name` VARCHAR(50) NOT NULL COLLATE 'utf8mb4_general_ci',
	`opt` VARCHAR(50) NOT NULL COLLATE 'utf8mb4_general_ci',
	`display` VARCHAR(8) NOT NULL COLLATE 'utf8mb4_general_ci',
	`flags` VARCHAR(16) NOT NULL COLLATE 'utf8mb4_general_ci',
	`download` VARCHAR(8) NOT NULL COLLATE 'utf8mb4_general_ci',
	`is_deleted` ENUM('0','1') NOT NULL COMMENT '0 = No; 1 = Yes;' COLLATE 'utf8mb4_general_ci'
) ENGINE=MyISAM;

-- Dumping structure for view gpd_gexp.view_trans_prodspec_invoice
DROP VIEW IF EXISTS `view_trans_prodspec_invoice`;
-- Creating temporary table to overcome VIEW dependency errors
CREATE TABLE `view_trans_prodspec_invoice` (
	`invoice_id` SMALLINT(6) NOT NULL,
	`invoice_no` VARCHAR(30) NOT NULL COMMENT 'Format: 0001/SKP-EXP/INV/07/2022' COLLATE 'utf8mb4_general_ci'
) ENGINE=MyISAM;

-- Dumping structure for view gpd_gexp.view_trans_prodspec_item
DROP VIEW IF EXISTS `view_trans_prodspec_item`;
-- Creating temporary table to overcome VIEW dependency errors
CREATE TABLE `view_trans_prodspec_item` (
	`pi_id` SMALLINT(6) NOT NULL,
	`invoice_id` SMALLINT(6) NOT NULL,
	`ffrn` VARCHAR(50) NULL COLLATE 'utf8mb4_general_ci',
	`packing_list_detail_id` SMALLINT(6) NOT NULL,
	`item_id` TINYINT(4) NOT NULL,
	`item_code` VARCHAR(20) NOT NULL COLLATE 'utf8mb4_general_ci',
	`item_name` VARCHAR(100) NOT NULL COLLATE 'utf8mb4_general_ci',
	`coa_id` SMALLINT(6) NULL,
	`qcheck_id` SMALLINT(6) NULL
) ENGINE=MyISAM;

-- Dumping structure for view gpd_gexp.view_trans_prodspec_list
DROP VIEW IF EXISTS `view_trans_prodspec_list`;
-- Creating temporary table to overcome VIEW dependency errors
CREATE TABLE `view_trans_prodspec_list` (
	`id` SMALLINT(6) NOT NULL,
	`prod_spec_id` SMALLINT(6) NOT NULL,
	`packing_list_detail_id` SMALLINT(6) NOT NULL,
	`qc_check_id` SMALLINT(6) NOT NULL,
	`description` LONGTEXT NOT NULL COLLATE 'utf8mb4_general_ci',
	`form` VARCHAR(100) NOT NULL COLLATE 'utf8mb4_general_ci',
	`texture` VARCHAR(100) NOT NULL COLLATE 'utf8mb4_general_ci',
	`colour` VARCHAR(100) NOT NULL COLLATE 'utf8mb4_general_ci',
	`taste` VARCHAR(100) NOT NULL COLLATE 'utf8mb4_general_ci',
	`odour` VARCHAR(100) NOT NULL COLLATE 'utf8mb4_general_ci',
	`fat` VARCHAR(100) NOT NULL COLLATE 'utf8mb4_general_ci',
	`moisture` VARCHAR(100) NOT NULL COLLATE 'utf8mb4_general_ci',
	`caffeine` VARCHAR(100) NOT NULL COLLATE 'utf8mb4_general_ci',
	`ingredients` LONGTEXT NOT NULL COLLATE 'utf8mb4_general_ci',
	`product_shelf` VARCHAR(100) NOT NULL COLLATE 'utf8mb4_general_ci',
	`packaging` VARCHAR(100) NOT NULL COLLATE 'utf8mb4_general_ci',
	`storage` VARCHAR(100) NOT NULL COLLATE 'utf8mb4_general_ci',
	`is_deleted` ENUM('0','1') NOT NULL COMMENT '0 = No; 1 = Yes;' COLLATE 'utf8mb4_general_ci',
	`code` VARCHAR(25) NOT NULL COLLATE 'utf8mb4_general_ci',
	`created_at` TIMESTAMP NOT NULL,
	`invoice_no` VARCHAR(30) NOT NULL COMMENT 'Format: 0001/SKP-EXP/INV/07/2022' COLLATE 'utf8mb4_general_ci',
	`item_name` VARCHAR(100) NOT NULL COLLATE 'utf8mb4_general_ci'
) ENGINE=MyISAM;

-- Dumping structure for view gpd_gexp.view_trans_prodspec_qcheck
DROP VIEW IF EXISTS `view_trans_prodspec_qcheck`;
-- Creating temporary table to overcome VIEW dependency errors
CREATE TABLE `view_trans_prodspec_qcheck` (
	`id` SMALLINT(6) NOT NULL,
	`code` VARCHAR(20) NOT NULL COMMENT 'Format: 0001/SKP-QC/07/2022' COLLATE 'utf8mb4_general_ci',
	`item_id` TINYINT(4) NOT NULL,
	`production_date` DATE NOT NULL,
	`expired_date` DATE NOT NULL,
	`aroma` VARCHAR(100) NOT NULL COLLATE 'utf8mb4_general_ci',
	`taste` VARCHAR(100) NOT NULL COLLATE 'utf8mb4_general_ci',
	`value` VARCHAR(100) NOT NULL COLLATE 'utf8mb4_general_ci',
	`moisture` VARCHAR(100) NOT NULL COLLATE 'utf8mb4_general_ci',
	`ph` VARCHAR(100) NOT NULL COLLATE 'utf8mb4_general_ci',
	`brix` VARCHAR(100) NOT NULL COLLATE 'utf8mb4_general_ci',
	`finish_good_date` DATE NOT NULL,
	`analys_date` DATE NOT NULL,
	`analys_end_date` DATE NOT NULL,
	`total_plate` VARCHAR(100) NOT NULL COLLATE 'utf8mb4_general_ci',
	`yeast` VARCHAR(100) NOT NULL COLLATE 'utf8mb4_general_ci',
	`salmonella` VARCHAR(100) NOT NULL COLLATE 'utf8mb4_general_ci',
	`enterobacteriaceae` VARCHAR(100) NOT NULL COLLATE 'utf8mb4_general_ci',
	`qc_status_id` TINYINT(4) NOT NULL,
	`release_date` DATE NOT NULL,
	`created_at` TIMESTAMP NOT NULL,
	`created_by` TINYINT(4) NOT NULL,
	`updated_at` DATETIME NULL,
	`updated_by` TINYINT(4) NULL,
	`is_deleted` ENUM('0','1') NOT NULL COMMENT '0 = No; 1 = Yes;' COLLATE 'utf8mb4_general_ci',
	`packing_detail_id` SMALLINT(6) NOT NULL,
	`pi_id` SMALLINT(6) NOT NULL
) ENGINE=MyISAM;

-- Dumping structure for view gpd_gexp.view_trans_qcertificate_coa
DROP VIEW IF EXISTS `view_trans_qcertificate_coa`;
-- Creating temporary table to overcome VIEW dependency errors
CREATE TABLE `view_trans_qcertificate_coa` (
	`id` SMALLINT(6) NOT NULL,
	`code` VARCHAR(50) NOT NULL COMMENT 'Format: 000/MM/YYYY/3 Digit Negara' COLLATE 'utf8mb4_general_ci',
	`invoice_id` SMALLINT(6) NOT NULL,
	`created_at` TIMESTAMP NOT NULL,
	`created_by` TINYINT(4) NOT NULL,
	`updated_at` DATETIME NULL,
	`updated_by` TINYINT(4) NULL,
	`invoice_no` VARCHAR(30) NOT NULL COMMENT 'Format: 0001/SKP-EXP/INV/07/2022' COLLATE 'utf8mb4_general_ci'
) ENGINE=MyISAM;

-- Dumping structure for view gpd_gexp.view_trans_qcertificate_list
DROP VIEW IF EXISTS `view_trans_qcertificate_list`;
-- Creating temporary table to overcome VIEW dependency errors
CREATE TABLE `view_trans_qcertificate_list` (
	`id` SMALLINT(6) NOT NULL,
	`code` VARCHAR(25) NOT NULL COLLATE 'utf8mb4_general_ci',
	`coa_id` SMALLINT(6) NOT NULL,
	`invoice_id` SMALLINT(6) NOT NULL,
	`created_at` TIMESTAMP NOT NULL,
	`created_by` TINYINT(4) NOT NULL,
	`updated_at` DATETIME NULL,
	`updated_by` TINYINT(4) NULL,
	`invoice_no` VARCHAR(30) NOT NULL COMMENT 'Format: 0001/SKP-EXP/INV/07/2022' COLLATE 'utf8mb4_general_ci'
) ENGINE=MyISAM;

-- Dumping structure for view gpd_gexp.view_trans_qcheck_item
DROP VIEW IF EXISTS `view_trans_qcheck_item`;
-- Creating temporary table to overcome VIEW dependency errors
CREATE TABLE `view_trans_qcheck_item` (
	`id` TINYINT(4) NOT NULL,
	`code` VARCHAR(20) NOT NULL COLLATE 'utf8mb4_general_ci',
	`hs_code` VARCHAR(20) NOT NULL COLLATE 'utf8mb4_general_ci',
	`item_category_id` TINYINT(4) NOT NULL,
	`name` VARCHAR(100) NOT NULL COLLATE 'utf8mb4_general_ci',
	`pack_desc` VARCHAR(100) NOT NULL COLLATE 'utf8mb4_general_ci',
	`net_wight` DECIMAL(20,2) NOT NULL,
	`gross_weight` DECIMAL(20,2) NOT NULL,
	`length` DECIMAL(10,0) NOT NULL,
	`width` DECIMAL(10,0) NOT NULL,
	`height` DECIMAL(10,0) NOT NULL,
	`created_at` TIMESTAMP NOT NULL,
	`updated_at` DATETIME NULL,
	`is_deleted` ENUM('0','1') NOT NULL COMMENT '0 = No; 1 = Yes;' COLLATE 'utf8mb4_general_ci'
) ENGINE=MyISAM;

-- Dumping structure for view gpd_gexp.view_trans_qcontrol_check_list
DROP VIEW IF EXISTS `view_trans_qcontrol_check_list`;
-- Creating temporary table to overcome VIEW dependency errors
CREATE TABLE `view_trans_qcontrol_check_list` (
	`id` SMALLINT(6) NOT NULL,
	`code` VARCHAR(20) NOT NULL COMMENT 'Format: 0001/SKP-QC/07/2022' COLLATE 'utf8mb4_general_ci',
	`item_id` TINYINT(4) NOT NULL,
	`production_date` DATE NOT NULL,
	`expired_date` DATE NOT NULL,
	`aroma` VARCHAR(100) NOT NULL COLLATE 'utf8mb4_general_ci',
	`taste` VARCHAR(100) NOT NULL COLLATE 'utf8mb4_general_ci',
	`value` VARCHAR(100) NOT NULL COLLATE 'utf8mb4_general_ci',
	`moisture` VARCHAR(100) NOT NULL COLLATE 'utf8mb4_general_ci',
	`ph` VARCHAR(100) NOT NULL COLLATE 'utf8mb4_general_ci',
	`brix` VARCHAR(100) NOT NULL COLLATE 'utf8mb4_general_ci',
	`finish_good_date` DATE NOT NULL,
	`analys_date` DATE NOT NULL,
	`analys_end_date` DATE NOT NULL,
	`total_plate` VARCHAR(100) NOT NULL COLLATE 'utf8mb4_general_ci',
	`yeast` VARCHAR(100) NOT NULL COLLATE 'utf8mb4_general_ci',
	`salmonella` VARCHAR(100) NOT NULL COLLATE 'utf8mb4_general_ci',
	`enterobacteriaceae` VARCHAR(100) NOT NULL COLLATE 'utf8mb4_general_ci',
	`qc_status_id` TINYINT(4) NOT NULL,
	`release_date` DATE NOT NULL,
	`created_at` TIMESTAMP NOT NULL,
	`created_by` TINYINT(4) NOT NULL,
	`updated_at` DATETIME NULL,
	`updated_by` TINYINT(4) NULL,
	`item_name` VARCHAR(100) NOT NULL COLLATE 'utf8mb4_general_ci'
) ENGINE=MyISAM;

-- Dumping structure for view gpd_gexp.view_trans_spp_invoice
DROP VIEW IF EXISTS `view_trans_spp_invoice`;
-- Creating temporary table to overcome VIEW dependency errors
CREATE TABLE `view_trans_spp_invoice` (
	`invoice_id` SMALLINT(6) NOT NULL,
	`invoice_no` VARCHAR(30) NOT NULL COMMENT 'Format: 0001/SKP-EXP/INV/07/2022' COLLATE 'utf8mb4_general_ci'
) ENGINE=MyISAM;

-- Dumping structure for view gpd_gexp.view_trans_spp_list
DROP VIEW IF EXISTS `view_trans_spp_list`;
-- Creating temporary table to overcome VIEW dependency errors
CREATE TABLE `view_trans_spp_list` (
	`id` SMALLINT(6) NOT NULL,
	`code` VARCHAR(25) NOT NULL COLLATE 'utf8mb4_general_ci',
	`invoice_id` SMALLINT(6) NOT NULL,
	`name` VARCHAR(100) NOT NULL COLLATE 'utf8mb4_general_ci',
	`position` VARCHAR(100) NOT NULL COLLATE 'utf8mb4_general_ci',
	`description` LONGTEXT NOT NULL COLLATE 'utf8mb4_general_ci',
	`created_at` TIMESTAMP NOT NULL,
	`created_by` TINYINT(4) NOT NULL,
	`invoice_no` VARCHAR(30) NOT NULL COMMENT 'Format: 0001/SKP-EXP/INV/07/2022' COLLATE 'utf8mb4_general_ci'
) ENGINE=MyISAM;

-- Dumping structure for view gpd_gexp.view_user_list
DROP VIEW IF EXISTS `view_user_list`;
-- Creating temporary table to overcome VIEW dependency errors
CREATE TABLE `view_user_list` (
	`id` TINYINT(4) NOT NULL,
	`fullname` VARCHAR(100) NOT NULL COLLATE 'utf8mb4_general_ci',
	`username` VARCHAR(30) NOT NULL COLLATE 'utf8mb4_general_ci',
	`email` VARCHAR(100) NOT NULL COLLATE 'utf8mb4_general_ci',
	`role_name` VARCHAR(50) NOT NULL COLLATE 'utf8mb4_general_ci',
	`position_name` VARCHAR(100) NOT NULL COLLATE 'utf8mb4_general_ci',
	`created_at` TIMESTAMP NOT NULL,
	`updated_at` VARCHAR(19) NULL COLLATE 'utf8mb4_general_ci',
	`is_deleted` ENUM('0','1') NOT NULL COMMENT '0 = No; 1 = Yes;' COLLATE 'utf8mb4_general_ci'
) ENGINE=MyISAM;

-- Dumping structure for view gpd_gexp.view_user_role
DROP VIEW IF EXISTS `view_user_role`;
-- Creating temporary table to overcome VIEW dependency errors
CREATE TABLE `view_user_role` (
	`id` TINYINT(4) NOT NULL,
	`fullname` VARCHAR(100) NOT NULL COLLATE 'utf8mb4_general_ci',
	`username` VARCHAR(30) NOT NULL COLLATE 'utf8mb4_general_ci',
	`email` VARCHAR(100) NOT NULL COLLATE 'utf8mb4_general_ci',
	`password` VARCHAR(100) NOT NULL COLLATE 'utf8mb4_general_ci',
	`created_at` TIMESTAMP NOT NULL,
	`updated_at` TIMESTAMP NULL,
	`is_deleted` ENUM('0','1') NOT NULL COMMENT '0 = No; 1 = Yes;' COLLATE 'utf8mb4_general_ci',
	`role_id` TINYINT(4) NOT NULL,
	`role_name` VARCHAR(50) NOT NULL COLLATE 'utf8mb4_general_ci',
	`position_name` VARCHAR(100) NOT NULL COLLATE 'utf8mb4_general_ci'
) ENGINE=MyISAM;

-- Dumping structure for view gpd_gexp.view_assign_group
DROP VIEW IF EXISTS `view_assign_group`;
-- Removing temporary table and create final VIEW structure
DROP TABLE IF EXISTS `view_assign_group`;
CREATE ALGORITHM=UNDEFINED SQL SECURITY DEFINER VIEW `view_assign_group` AS SELECT
	b.menu_module_id, d.url menu_module_url, b.menu_group_id, c.name menu_group_name, c.icon menu_group_icon, a.role_id
FROM trans_menu_assign a
JOIN master_menu_sub b ON a.menu_sub_id = b.id
JOIN master_menu_group c ON b.menu_group_id = c.id
JOIN master_menu_module d ON b.menu_module_id = d.id
GROUP BY b.menu_module_id, b.menu_group_id, a.role_id ;

-- Dumping structure for view gpd_gexp.view_assign_menu
DROP VIEW IF EXISTS `view_assign_menu`;
-- Removing temporary table and create final VIEW structure
DROP TABLE IF EXISTS `view_assign_menu`;
CREATE ALGORITHM=UNDEFINED SQL SECURITY DEFINER VIEW `view_assign_menu` AS SELECT
	b.menu_module_id, c.url menu_module_url, b.menu_group_id, a.menu_sub_id, b.name menu_sub_name, b.icon menu_sub_icon, b.url menu_sub_url, a.role_id
FROM trans_menu_assign a
JOIN master_menu_sub b ON a.menu_sub_id = b.id 
JOIN master_menu_module c ON b.menu_module_id = c.id ;

-- Dumping structure for view gpd_gexp.view_assign_module
DROP VIEW IF EXISTS `view_assign_module`;
-- Removing temporary table and create final VIEW structure
DROP TABLE IF EXISTS `view_assign_module`;
CREATE ALGORITHM=UNDEFINED SQL SECURITY DEFINER VIEW `view_assign_module` AS SELECT
	b.menu_module_id, c.name menu_module_name, c.icon menu_module_icon, c.url menu_module_url, a.role_id
FROM trans_menu_assign a
JOIN master_menu_sub b ON a.menu_sub_id = b.id
JOIN master_menu_module c ON b.menu_module_id = c.id
GROUP BY b.menu_module_id, a.role_id ;

-- Dumping structure for view gpd_gexp.view_beneficiary
DROP VIEW IF EXISTS `view_beneficiary`;
-- Removing temporary table and create final VIEW structure
DROP TABLE IF EXISTS `view_beneficiary`;
CREATE ALGORITHM=UNDEFINED SQL SECURITY DEFINER VIEW `view_beneficiary` AS SELECT
	a.*, b.name country_name
FROM master_beneficiary a
JOIN master_country b ON a.country_id = b.id ;

-- Dumping structure for view gpd_gexp.view_customer_coding
DROP VIEW IF EXISTS `view_customer_coding`;
-- Removing temporary table and create final VIEW structure
DROP TABLE IF EXISTS `view_customer_coding`;
CREATE ALGORITHM=UNDEFINED SQL SECURITY DEFINER VIEW `view_customer_coding` AS SELECT
	a.*, b.coding_type_id, b.import_by, b.hotline, b.best_before
FROM master_customer_coding a
JOIN master_customer_coding_detail b ON a.id = b.customer_coding_id ;

-- Dumping structure for view gpd_gexp.view_customer_cp
DROP VIEW IF EXISTS `view_customer_cp`;
-- Removing temporary table and create final VIEW structure
DROP TABLE IF EXISTS `view_customer_cp`;
CREATE ALGORITHM=UNDEFINED SQL SECURITY DEFINER VIEW `view_customer_cp` AS SELECT
	a.*, b.name top_name, c.name currency_name, d.name incoterm_name, e.address, f.name country_name
FROM master_customer_cp a
JOIN master_top b ON a.top_id = b.id
JOIN master_currency c ON a.currency_id = c.id
JOIN master_incoterm d ON a.incoterm_id = d.id
JOIN master_customer e ON a.customer_id = e.id
JOIN master_country f ON e.country_id = f.id ;

-- Dumping structure for view gpd_gexp.view_customer_ship_detail
DROP VIEW IF EXISTS `view_customer_ship_detail`;
-- Removing temporary table and create final VIEW structure
DROP TABLE IF EXISTS `view_customer_ship_detail`;
CREATE ALGORITHM=UNDEFINED SQL SECURITY DEFINER VIEW `view_customer_ship_detail` AS SELECT
	a.*, b.customer_id
FROM master_customer_ship_detail a
JOIN master_customer_ship b ON a.customer_ship_id = b.id ;

-- Dumping structure for view gpd_gexp.view_item
DROP VIEW IF EXISTS `view_item`;
-- Removing temporary table and create final VIEW structure
DROP TABLE IF EXISTS `view_item`;
CREATE ALGORITHM=UNDEFINED SQL SECURITY DEFINER VIEW `view_item` AS SELECT
	a.*, b.name item_category_name, CONCAT(a.`length`, ' X ', a.width, ' X ', a.height) dimensions
FROM master_item a
JOIN master_item_category b ON a.item_category_id = b.id ;

-- Dumping structure for view gpd_gexp.view_item_mapping
DROP VIEW IF EXISTS `view_item_mapping`;
-- Removing temporary table and create final VIEW structure
DROP TABLE IF EXISTS `view_item_mapping`;
CREATE ALGORITHM=UNDEFINED SQL SECURITY DEFINER VIEW `view_item_mapping` AS SELECT
	a.*, b.code item_code, b.hs_code item_hscode, b.name item_name, c.name country_name
FROM master_item_mapping a
JOIN master_item b ON a.item_id = b.id
JOIN master_country c ON a.country_id = c.id ;

-- Dumping structure for view gpd_gexp.view_master_customer_bank
DROP VIEW IF EXISTS `view_master_customer_bank`;
-- Removing temporary table and create final VIEW structure
DROP TABLE IF EXISTS `view_master_customer_bank`;
CREATE ALGORITHM=UNDEFINED SQL SECURITY DEFINER VIEW `view_master_customer_bank` AS SELECT
	a.*, 
	b.code bank_code, b.name bank_name, b.account bank_account, 
	b.branch bank_branch, b.address bank_address, b.swift_code bank_swift
FROM master_customer_bank a
JOIN master_bank b ON a.bank_id = b.id ;

-- Dumping structure for view gpd_gexp.view_master_customer_coding_detail
DROP VIEW IF EXISTS `view_master_customer_coding_detail`;
-- Removing temporary table and create final VIEW structure
DROP TABLE IF EXISTS `view_master_customer_coding_detail`;
CREATE ALGORITHM=UNDEFINED SQL SECURITY DEFINER VIEW `view_master_customer_coding_detail` AS SELECT
	a.*, b.name coding_type_name
FROM master_customer_coding_detail a
JOIN master_coding_type b ON a.coding_type_id = b.id ;

-- Dumping structure for view gpd_gexp.view_master_customer_country
DROP VIEW IF EXISTS `view_master_customer_country`;
-- Removing temporary table and create final VIEW structure
DROP TABLE IF EXISTS `view_master_customer_country`;
CREATE ALGORITHM=UNDEFINED SQL SECURITY DEFINER VIEW `view_master_customer_country` AS SELECT
	a.id, a.customer_id, a.country_id, CONCAT(b.code, ' - ', b.name) country_name
FROM master_customer_notify a
JOIN master_country b ON a.country_id = b.id ;

-- Dumping structure for view gpd_gexp.view_master_customer_list
DROP VIEW IF EXISTS `view_master_customer_list`;
-- Removing temporary table and create final VIEW structure
DROP TABLE IF EXISTS `view_master_customer_list`;
CREATE ALGORITHM=UNDEFINED SQL SECURITY DEFINER VIEW `view_master_customer_list` AS SELECT
	a.*, b.name country_name
FROM master_customer a
JOIN master_country b ON a.country_id = b.id ;

-- Dumping structure for view gpd_gexp.view_menu_assign
DROP VIEW IF EXISTS `view_menu_assign`;
-- Removing temporary table and create final VIEW structure
DROP TABLE IF EXISTS `view_menu_assign`;
CREATE ALGORITHM=UNDEFINED SQL SECURITY DEFINER VIEW `view_menu_assign` AS SELECT
	a.*, c.name module_name, d.name group_name, b.name menu_name, e.name role_name
FROM trans_menu_assign a
JOIN master_menu_sub b ON a.menu_sub_id = b.id
JOIN master_menu_module c ON b.menu_module_id = c.id
JOIN master_menu_group d ON b.menu_group_id = d.id
JOIN master_role e ON a.role_id = e.id
ORDER BY a.created_at ;

-- Dumping structure for view gpd_gexp.view_menu_sub
DROP VIEW IF EXISTS `view_menu_sub`;
-- Removing temporary table and create final VIEW structure
DROP TABLE IF EXISTS `view_menu_sub`;
CREATE ALGORITHM=UNDEFINED SQL SECURITY DEFINER VIEW `view_menu_sub` AS SELECT
	a.*, b.name menu_module_name, c.name menu_group_name
FROM master_menu_sub a
JOIN master_menu_module b ON a.menu_module_id = b.id
JOIN master_menu_group c ON a.menu_group_id = c.id
ORDER BY a.id ;

-- Dumping structure for view gpd_gexp.view_pi_item_assign
DROP VIEW IF EXISTS `view_pi_item_assign`;
-- Removing temporary table and create final VIEW structure
DROP TABLE IF EXISTS `view_pi_item_assign`;
CREATE ALGORITHM=UNDEFINED SQL SECURITY DEFINER VIEW `view_pi_item_assign` AS SELECT
	a.*
FROM master_pi_item_assign a ;

-- Dumping structure for view gpd_gexp.view_print_trans_coa_detail
DROP VIEW IF EXISTS `view_print_trans_coa_detail`;
-- Removing temporary table and create final VIEW structure
DROP TABLE IF EXISTS `view_print_trans_coa_detail`;
CREATE ALGORITHM=UNDEFINED SQL SECURITY DEFINER VIEW `view_print_trans_coa_detail` AS SELECT
	a.*, e.code qa_no, f.code invoice_no, c.name item_name, d.batch,
	UPPER(CONCAT(
		DATE_FORMAT(b.production_date, '%b/%d/%Y'), ' - ',
		DATE_FORMAT(b.expired_date, '%b/%d/%Y')
	)) prod_exp,
	b.aroma, b.taste,
	b.moisture, b.ph, b.brix,
	b.salmonella, b.total_plate, b.yeast
FROM trans_coa_detail a
JOIN trans_qcontrol_check b ON a.qc_check_id = b.id
JOIN master_item c ON b.item_id = c.id
JOIN trans_packing_list_detail d ON a.packing_list_detail_id = d.id
JOIN trans_coa e ON a.coa_id = e.id
JOIN trans_invoice f ON e.invoice_id = f.id ;

-- Dumping structure for view gpd_gexp.view_print_trans_invoice_category
DROP VIEW IF EXISTS `view_print_trans_invoice_category`;
-- Removing temporary table and create final VIEW structure
DROP TABLE IF EXISTS `view_print_trans_invoice_category`;
CREATE ALGORITHM=UNDEFINED SQL SECURITY DEFINER VIEW `view_print_trans_invoice_category` AS SELECT
	a.pi_id, c.id invoice_id, a.pi_item_category_id item_category_id, 
	IF(a.pi_item_category_id = 1, '', UPPER(b.name)) pi_item_category_name,
	UPPER(b.name) footer_category_name
FROM trans_pi_detail a
JOIN master_pi_item_category b ON a.pi_item_category_id = b.id
JOIN trans_invoice c ON a.pi_id = c.pi_id
GROUP BY a.pi_item_category_id, c.id
ORDER BY a.id, a.pi_item_category_id ;

-- Dumping structure for view gpd_gexp.view_print_trans_invoice_detail
DROP VIEW IF EXISTS `view_print_trans_invoice_detail`;
-- Removing temporary table and create final VIEW structure
DROP TABLE IF EXISTS `view_print_trans_invoice_detail`;
CREATE ALGORITHM=UNDEFINED SQL SECURITY DEFINER VIEW `view_print_trans_invoice_detail` AS SELECT
	c.id invoice_id, a.*, b.hs_code, b.name item_name, 'POUCH' pack, ((a.qty) * (a.price)) total
FROM trans_pi_detail a
JOIN master_item b ON a.item_id = b.id
JOIN trans_invoice c ON a.pi_id = c.pi_id
ORDER BY a.pi_item_category_id, a.id ;

-- Dumping structure for view gpd_gexp.view_print_trans_invoice_footer
DROP VIEW IF EXISTS `view_print_trans_invoice_footer`;
-- Removing temporary table and create final VIEW structure
DROP TABLE IF EXISTS `view_print_trans_invoice_footer`;
CREATE ALGORITHM=UNDEFINED SQL SECURITY DEFINER VIEW `view_print_trans_invoice_footer` AS SELECT
	b.id invoice_id, a.pi_id, a.pi_item_category_id, UPPER(c.name) pi_item_category_name,
	SUM(a.qty) tot_qty, SUM(a.price) tot_price,
	d.freight_cost, d.insurance, e.incoterm_id,
	CASE
		WHEN a.pi_item_category_id = 1 AND e.incoterm_id = 2 THEN SUM(a.qty * a.price) + d.freight_cost
		WHEN a.pi_item_category_id = 1 AND e.incoterm_id = 3 THEN SUM(a.qty * a.price) + d.freight_cost + d.insurance
	ELSE SUM(a.qty * a.price)
	END grand_total
FROM trans_pi_detail a
JOIN trans_invoice b ON a.pi_id = b.pi_id
JOIN master_pi_item_category c ON a.pi_item_category_id = c.id
JOIN trans_pi d ON a.pi_id = d.id
JOIN master_customer_cp e ON d.customer_id = e.customer_id
WHERE a.is_deleted = '0'
GROUP BY a.pi_item_category_id, b.id
ORDER BY a.id, a.pi_item_category_id ;

-- Dumping structure for view gpd_gexp.view_print_trans_invoice_header
DROP VIEW IF EXISTS `view_print_trans_invoice_header`;
-- Removing temporary table and create final VIEW structure
DROP TABLE IF EXISTS `view_print_trans_invoice_header`;
CREATE ALGORITHM=UNDEFINED SQL SECURITY DEFINER VIEW `view_print_trans_invoice_header` AS SELECT
	l.id, a.id pi_id, a.code inv_no, 
	IF(a.po_no IS NULL, '-', a.po_no) po_no, b.town,
	
	CONCAT(
		b.company_name, '<br>',
		b.address, '<br>',
		b.phone_no
	) consignee,
	
	CONCAT(
		c.company_name, '<br>',
		c.office, '<br>',
		c.address, '<br>',
		c.phone
	) beneficiary,
	
	CONCAT(
		k.name, '<br>',
		k.branch, '<br>',
		k.address, '<br>',
		'<b>Acc No: </b>', k.account, '<br>',
		'<b>Swift code: </b>', k.swift_code
	) bank,
	
	d.destination_port, '30 Working Days' estimated, e.name loading_port, 'Indonesia' country_origin, 
	f.name container, h.code incoterm, g.incoterm_id, l.ffrn,
	i.name currency_name, i.icon currency_icon, i.spell currency_spell, j.name top_name,
	a.freight_cost, a.insurance,
	a.is_deleted
FROM trans_pi a
JOIN master_customer b ON a.consignee_id = b.id
JOIN master_beneficiary c ON a.beneficiary_id = c.id
JOIN master_customer_ship_detail d ON a.customer_ship_id = d.id
JOIN master_loading_port e ON a.loading_port_id = e.id
JOIN master_container f ON a.container_id = f.id
JOIN master_customer_cp g ON a.consignee_id = g.customer_id
JOIN master_incoterm h ON g.incoterm_id = h.id
JOIN master_currency i ON a.currency_id = i.id
JOIN master_top j ON a.top_id = j.id
JOIN master_bank k ON a.bank_id = k.id
JOIN trans_invoice l ON a.id = l.pi_id ;

-- Dumping structure for view gpd_gexp.view_print_trans_packing_detail
DROP VIEW IF EXISTS `view_print_trans_packing_detail`;
-- Removing temporary table and create final VIEW structure
DROP TABLE IF EXISTS `view_print_trans_packing_detail`;
CREATE ALGORITHM=UNDEFINED SQL SECURITY DEFINER VIEW `view_print_trans_packing_detail` AS SELECT
	a.*, b.pi_id, b.pi_item_category_id, b.item_id, 
	-- b.carton_barcode, b.expired_date, b.production_date, b.batch,
	b.qty, c.hs_code, c.name item_name, 'POUCH' packing, c.net_wight, c.gross_weight,
	CONCAT(
		c.`length`, ' X ',
		c.width, ' X ',
		c.height
	) dimensions
FROM trans_packing_list_detail a
JOIN trans_pi_detail b ON a.pi_detail_id = b.id
JOIN master_item c ON b.item_id = c.id ;

-- Dumping structure for view gpd_gexp.view_print_trans_packing_header
DROP VIEW IF EXISTS `view_print_trans_packing_header`;
-- Removing temporary table and create final VIEW structure
DROP TABLE IF EXISTS `view_print_trans_packing_header`;
CREATE ALGORITHM=UNDEFINED SQL SECURITY DEFINER VIEW `view_print_trans_packing_header` AS SELECT
	a.*, b.code invoice_no,
	IF(c.po_no IS NULL, '-', c.po_no) po_no,
	CONCAT(
		d.company_name, '<br>',
		d.address, '<br>',
		d.phone_no
	) consignee,
	
	CONCAT(
		e.company_name, '<br>',
		e.office, '<br>',
		e.address, '<br>',
		e.phone
	) beneficiary,
	
	f.discharge_port, g.name loading_port, 'Indonesia' country_origin
FROM trans_packing_list a
JOIN trans_invoice b ON a.invoice_id = b.id
JOIN trans_pi c ON b.pi_id = c.id
JOIN master_customer d ON c.customer_id = d.id
JOIN master_beneficiary e ON c.beneficiary_id = e.id
JOIN master_customer_ship_detail f ON c.customer_ship_id = f.customer_ship_id
JOIN master_loading_port g ON c.loading_port_id = g.id ;

-- Dumping structure for view gpd_gexp.view_print_trans_pi_category
DROP VIEW IF EXISTS `view_print_trans_pi_category`;
-- Removing temporary table and create final VIEW structure
DROP TABLE IF EXISTS `view_print_trans_pi_category`;
CREATE ALGORITHM=UNDEFINED SQL SECURITY DEFINER VIEW `view_print_trans_pi_category` AS SELECT
	a.pi_id, a.pi_item_category_id item_category_id,
	IF(a.pi_item_category_id = 1, CONCAT(b.number_of_container,' x Container ', c.name), 'Free of Charge') item_category_name, d.name category_name
FROM trans_pi_detail a
JOIN trans_pi b ON a.pi_id = b.id
JOIN master_container c ON b.container_id = c.id
JOIN master_pi_item_category d ON a.pi_item_category_id = d.id
WHERE a.is_deleted = '0'
GROUP BY a.pi_id, a.pi_item_category_id ;

-- Dumping structure for view gpd_gexp.view_print_trans_pi_detail
DROP VIEW IF EXISTS `view_print_trans_pi_detail`;
-- Removing temporary table and create final VIEW structure
DROP TABLE IF EXISTS `view_print_trans_pi_detail`;
CREATE ALGORITHM=UNDEFINED SQL SECURITY DEFINER VIEW `view_print_trans_pi_detail` AS SELECT
	a.*, c.name pi_item_category_name, b.name item_name, b.hs_code, b.pack_desc, (a.qty * a.price) total,
	b.`length`, b.width, b.height, ((b.`length` * b.width * b.height) / 1000000000) volume,
	(((b.`length` * b.width * b.height) / 1000000000) * a.qty) remain_cbm
FROM trans_pi_detail a
JOIN master_item b ON a.item_id = b.id
JOIN master_pi_item_category c ON a.pi_item_category_id = c.id
ORDER BY a.pi_id, a.pi_item_category_id ;

-- Dumping structure for view gpd_gexp.view_print_trans_pi_footer
DROP VIEW IF EXISTS `view_print_trans_pi_footer`;
-- Removing temporary table and create final VIEW structure
DROP TABLE IF EXISTS `view_print_trans_pi_footer`;
CREATE ALGORITHM=UNDEFINED SQL SECURITY DEFINER VIEW `view_print_trans_pi_footer` AS SELECT
	a.pi_id, SUM(a.qty) tot_qty, SUM(a.price) tot_price, SUM(a.qty * a.price) grand_total
FROM trans_pi_detail a
WHERE a.is_deleted = '0' AND a.pi_item_category_id = 1
GROUP BY a.pi_id ;

-- Dumping structure for view gpd_gexp.view_print_trans_pi_header
DROP VIEW IF EXISTS `view_print_trans_pi_header`;
-- Removing temporary table and create final VIEW structure
DROP TABLE IF EXISTS `view_print_trans_pi_header`;
CREATE ALGORITHM=UNDEFINED SQL SECURITY DEFINER VIEW `view_print_trans_pi_header` AS SELECT
	a.id, a.code inv_no, 
	IF(a.po_no IS NULL, '-', a.po_no) po_no, b.town,
	
	CONCAT(
		b.company_name, '<br>',
		b.address, '<br>',
		b.phone_no
	) consignee,
	
	CONCAT(
		c.company_name, '<br>',
		c.office, '<br>',
		c.address, '<br>',
		c.phone
	) beneficiary,
	
	CONCAT(
		k.name, '<br>',
		k.branch, '<br>',
		k.address, '<br>',
		'<b>Acc No: </b>', k.account, '<br>',
		'<b>Swift code: </b>', k.swift_code
	) bank,
	
	d.destination_port, '30 Working Days' estimated, e.name loading_port, 'Indonesia' country_origin, 
	f.name container, h.code incoterm, 
	i.name currency_name, i.icon currency_icon, j.name top_name,
	a.is_deleted
FROM trans_pi a
JOIN master_customer b ON a.consignee_id = b.id
JOIN master_beneficiary c ON a.beneficiary_id = c.id
JOIN master_customer_ship_detail d ON a.customer_ship_id = d.id
JOIN master_loading_port e ON a.loading_port_id = e.id
JOIN master_container f ON a.container_id = f.id
JOIN master_customer_cp g ON a.consignee_id = g.customer_id
JOIN master_incoterm h ON g.incoterm_id = h.id
JOIN master_currency i ON a.currency_id = i.id
JOIN master_top j ON a.top_id = j.id
JOIN master_bank k ON a.bank_id = k.id ;

-- Dumping structure for view gpd_gexp.view_print_trans_pi_signature
DROP VIEW IF EXISTS `view_print_trans_pi_signature`;
-- Removing temporary table and create final VIEW structure
DROP TABLE IF EXISTS `view_print_trans_pi_signature`;
CREATE ALGORITHM=UNDEFINED SQL SECURITY DEFINER VIEW `view_print_trans_pi_signature` AS SELECT
	a.id pi_id, a.customer_id, d.fullname pic, f.name positions, b.town, b.company_name, c.name cp_name
FROM trans_pi a
JOIN master_customer b ON a.customer_id = b.id
JOIN master_customer_cp c ON b.id = c.customer_id
JOIN `master_user` d ON a.created_by = d.id
JOIN master_user_role e ON d.id = e.user_id
JOIN master_position f ON e.role_id = f.role_id ;

-- Dumping structure for view gpd_gexp.view_print_trans_prod_spec_detail
DROP VIEW IF EXISTS `view_print_trans_prod_spec_detail`;
-- Removing temporary table and create final VIEW structure
DROP TABLE IF EXISTS `view_print_trans_prod_spec_detail`;
CREATE ALGORITHM=UNDEFINED SQL SECURITY DEFINER VIEW `view_print_trans_prod_spec_detail` AS SELECT
	a.*, d.name item_category, c.name item_name, IF(g.po_no IS NULL, '-', g.po_no) po_no,
	b.total_plate, b.yeast, b.coliform, b.salmonella,
	h.mercury, h.lead, h.cadmium, h.tin, h.arsenic
FROM trans_prod_spec_detail a
JOIN trans_qcontrol_check b ON a.qc_check_id = b.id
JOIN master_item c ON b.item_id = c.id
JOIN master_item_category d ON c.item_category_id = d.id
JOIN trans_prod_spec e ON a.prod_spec_id = e.id
JOIN trans_invoice f ON e.invoice_id = f.id
JOIN trans_pi g ON f.pi_id = g.id
JOIN trans_coa_detail h ON a.qc_check_id = h.qc_check_id ;

-- Dumping structure for view gpd_gexp.view_print_trans_qcertificate_detail
DROP VIEW IF EXISTS `view_print_trans_qcertificate_detail`;
-- Removing temporary table and create final VIEW structure
DROP TABLE IF EXISTS `view_print_trans_qcertificate_detail`;
CREATE ALGORITHM=UNDEFINED SQL SECURITY DEFINER VIEW `view_print_trans_qcertificate_detail` AS SELECT
	a.*, IF(h.po_no IS NULL, '-', h.po_no) po_no, d.container, c.production_date, c.expired_date, c.carton_barcode, f.name item_name
FROM trans_qcertificate a
JOIN trans_coa_detail b ON a.coa_id = b.coa_id
JOIN trans_packing_list_detail c ON b.packing_list_detail_id = c.id
JOIN trans_packing_list d ON c.packing_list_id = d.id
JOIN trans_qcontrol_check e ON b.qc_check_id = e.id
JOIN master_item f ON e.item_id = f.id
JOIN trans_pi_detail g ON c.pi_detail_id = g.id
JOIN trans_pi h ON g.pi_id = h.id ;

-- Dumping structure for view gpd_gexp.view_print_trans_qcertificate_header
DROP VIEW IF EXISTS `view_print_trans_qcertificate_header`;
-- Removing temporary table and create final VIEW structure
DROP TABLE IF EXISTS `view_print_trans_qcertificate_header`;
CREATE ALGORITHM=UNDEFINED SQL SECURITY DEFINER VIEW `view_print_trans_qcertificate_header` AS SELECT
	a.*, d.company_name consignee, f.name item_category, b.code invoice_no, g.code coa_no
FROM trans_qcertificate a
JOIN trans_invoice b ON a.invoice_id = b.id
JOIN trans_pi c ON b.pi_id = c.id
JOIN master_customer d ON c.customer_id = d.id
JOIN trans_pi_detail e ON c.id = e.pi_id
JOIN master_item_category f ON e.pi_item_category_id = f.id
JOIN trans_coa g ON b.id = g.invoice_id
GROUP BY a.id ;

-- Dumping structure for view gpd_gexp.view_trans_coa_country
DROP VIEW IF EXISTS `view_trans_coa_country`;
-- Removing temporary table and create final VIEW structure
DROP TABLE IF EXISTS `view_trans_coa_country`;
CREATE ALGORITHM=UNDEFINED SQL SECURITY DEFINER VIEW `view_trans_coa_country` AS SELECT
	a.*, d.code country_code
FROM trans_invoice a
JOIN trans_pi b ON a.pi_id = b.id
JOIN master_customer c ON b.customer_id = c.id
JOIN master_country d ON c.country_id = d.id ;

-- Dumping structure for view gpd_gexp.view_trans_coa_invoice
DROP VIEW IF EXISTS `view_trans_coa_invoice`;
-- Removing temporary table and create final VIEW structure
DROP TABLE IF EXISTS `view_trans_coa_invoice`;
CREATE ALGORITHM=TEMPTABLE SQL SECURITY DEFINER VIEW `view_trans_coa_invoice` AS SELECT
	a.invoice_id, b.code invoice_no
FROM trans_packing_list a
JOIN trans_invoice b ON a.invoice_id = b.id
LEFT JOIN trans_coa c ON b.id = c.invoice_id
WHERE c.invoice_id IS NULL
ORDER BY a.invoice_id ;

-- Dumping structure for view gpd_gexp.view_trans_coa_item
DROP VIEW IF EXISTS `view_trans_coa_item`;
-- Removing temporary table and create final VIEW structure
DROP TABLE IF EXISTS `view_trans_coa_item`;
CREATE ALGORITHM=UNDEFINED SQL SECURITY DEFINER VIEW `view_trans_coa_item` AS -- SELECT
-- 	c.pi_id, a.invoice_id, b.id packing_list_detail_id, c.item_id, d.code item_code, d.name item_name, e.id coa_id, f.id qcheck_id
-- FROM trans_packing_list a
-- JOIN trans_packing_list_detail b ON a.id = b.packing_list_id
-- JOIN trans_pi_detail c ON b.pi_detail_id = c.id
-- JOIN master_item d ON c.item_id = d.id 
-- LEFT JOIN trans_coa_detail e ON b.id = e.packing_list_detail_id
-- LEFT JOIN trans_qcontrol_check f ON d.id = f.item_id
-- WHERE e.id IS NULL

SELECT
	c.pi_id, a.invoice_id, b.id packing_list_detail_id, c.item_id, d.code item_code, d.name item_name, e.id coa_id, f.id qcheck_id
FROM trans_packing_list a
JOIN trans_packing_list_detail b ON a.id = b.packing_list_id
JOIN trans_pi_detail c ON b.pi_detail_id = c.id
JOIN master_item d ON c.item_id = d.id 
LEFT JOIN trans_coa_detail e ON b.id = e.packing_list_detail_id
JOIN trans_qcontrol_check f ON d.id = f.item_id
WHERE e.id IS NULL 
GROUP BY c.item_id ;

-- Dumping structure for view gpd_gexp.view_trans_coa_list
DROP VIEW IF EXISTS `view_trans_coa_list`;
-- Removing temporary table and create final VIEW structure
DROP TABLE IF EXISTS `view_trans_coa_list`;
CREATE ALGORITHM=UNDEFINED SQL SECURITY DEFINER VIEW `view_trans_coa_list` AS SELECT
	a.*, b.code, b.created_at, c.code invoice_no, f.name item_name
FROM trans_coa_detail a
JOIN trans_coa b ON a.coa_id = b.id
JOIN trans_invoice c ON b.invoice_id = c.id
JOIN trans_packing_list_detail d ON a.packing_list_detail_id = d.id
JOIN trans_pi_detail e ON d.pi_detail_id = e.id
JOIN master_item f ON e.item_id = f.id
ORDER BY a.id ;

-- Dumping structure for view gpd_gexp.view_trans_coa_qcheck
DROP VIEW IF EXISTS `view_trans_coa_qcheck`;
-- Removing temporary table and create final VIEW structure
DROP TABLE IF EXISTS `view_trans_coa_qcheck`;
CREATE ALGORITHM=UNDEFINED SQL SECURITY DEFINER VIEW `view_trans_coa_qcheck` AS SELECT
	c.*, a.batch, a.id packing_detail_id, b.pi_id
FROM trans_packing_list_detail a
JOIN trans_pi_detail b ON a.pi_detail_id = b.id
JOIN trans_qcontrol_check c ON b.item_id = c.item_id ;

-- Dumping structure for view gpd_gexp.view_trans_export_terms_list
DROP VIEW IF EXISTS `view_trans_export_terms_list`;
-- Removing temporary table and create final VIEW structure
DROP TABLE IF EXISTS `view_trans_export_terms_list`;
CREATE ALGORITHM=UNDEFINED SQL SECURITY DEFINER VIEW `view_trans_export_terms_list` AS -- SELECT
-- 	a.*, b.code pi_no, 
-- 	DATE_FORMAT(a.created_at, '%Y-%m-%d') pi_date,
-- 	c.company_name cust_name, d.name country_name,
-- 	e.name pi_status_name, e.bg_color
-- FROM trans_export_terms a
-- JOIN trans_pi b ON a.pi_id = b.id
-- JOIN master_customer c ON b.customer_id = c.id
-- JOIN master_country d ON c.country_id = d.id
-- JOIN master_pi_status e ON a.pi_status_id = e.id
-- ORDER BY a.id 

SELECT
	a.id pi_id, e.id expterm_id, IF(e.code IS NULL, '-', e.code) code, 
	a.code pi_no, DATE_FORMAT(a.created_at, '%Y-%m-%d') pi_date, e.`file`,
	b.company_name cust_name, c.name country_name, e.pi_status_id,
	IF(e.created_at IS NULL, '-', e.created_at) created_at,
	IF(e.updated_at IS NULL, '-', e.updated_at) updated_at,
	IF(e.pi_status_id IS NULL, '-', f.name) pi_status_name,
	IF(e.pi_status_id IS NULL, '-', f.bg_color) bg_color
FROM trans_pi a
JOIN master_customer b ON a.customer_id = b.id
JOIN master_country c ON b.country_id = c.id
JOIN master_pi_status d ON a.pi_status_id = d.id
LEFT JOIN trans_export_terms e ON a.id = e.pi_id
LEFT JOIN master_pi_status f ON e.pi_status_id = f.id
WHERE a.pi_status_id = 5
ORDER BY a.code ;

-- Dumping structure for view gpd_gexp.view_trans_invoice_list
DROP VIEW IF EXISTS `view_trans_invoice_list`;
-- Removing temporary table and create final VIEW structure
DROP TABLE IF EXISTS `view_trans_invoice_list`;
CREATE ALGORITHM=UNDEFINED SQL SECURITY DEFINER VIEW `view_trans_invoice_list` AS SELECT
	a.*, 
	c.company_name consignee_name,
	d.company_name notify_name,
	e.company_name shipper_name
FROM trans_invoice a
JOIN trans_pi b ON a.pi_id = b.id
JOIN master_customer c ON b.customer_id = c.id
JOIN master_customer_notify d ON c.id = d.customer_id
JOIN master_customer_ship e ON c.id = e.customer_id ;

-- Dumping structure for view gpd_gexp.view_trans_packing_list
DROP VIEW IF EXISTS `view_trans_packing_list`;
-- Removing temporary table and create final VIEW structure
DROP TABLE IF EXISTS `view_trans_packing_list`;
CREATE ALGORITHM=UNDEFINED SQL SECURITY DEFINER VIEW `view_trans_packing_list` AS SELECT
	a.*, d.company_name consignee_name, e.company_name notify_name, f.company_name shipper_name
FROM trans_packing_list a
JOIN trans_invoice b ON a.invoice_id = b.id
JOIN trans_pi c ON b.pi_id = c.id
JOIN master_customer d ON c.customer_id = d.id
JOIN master_customer_notify e ON d.id = e.customer_id
JOIN master_customer_ship f ON d.id = f.customer_id ;

-- Dumping structure for view gpd_gexp.view_trans_pi_detail
DROP VIEW IF EXISTS `view_trans_pi_detail`;
-- Removing temporary table and create final VIEW structure
DROP TABLE IF EXISTS `view_trans_pi_detail`;
CREATE ALGORITHM=UNDEFINED SQL SECURITY DEFINER VIEW `view_trans_pi_detail` AS SELECT
	a.id, a.code pi_no, DATE_FORMAT(a.created_at, '%Y-%m-%d') pi_date, IF(a.po_no IS NULL, '-', a.po_no) po_no,
	
	b.company_name consignee_name, b.address consginee_address, c.name consignee_country, b.phone_no consignee_phone, l.name consignee_cp,
	
	d.company_name beneficiary_name, d.address beneficiary_address, e.name beneficiary_country, d.phone beneficiary_phone, d.cp_name beneficiary_cp,
	
	f.name data_loading_port, g.discharge_port data_discharge_port, g.destination_port data_destination_port, h.name container_name, a.number_of_container, a.freight_company,
	a.freight_company_contact, a.freight_company_no, a.freight_cost, a.insurance, i.name data_bank_name, j.name data_currency, IF(a.ppn = '1', 'Yes', 'No') data_ppn, k.name data_top,
	
	m.name incoterm_name, m.code incoterm_code, h.max_cbm,

	a.is_deleted, a.pi_status_id, n.name pi_status
FROM trans_pi a
JOIN master_customer b ON a.consignee_id = b.id
JOIN master_country c ON b.country_id = c.id
JOIN master_beneficiary d ON a.beneficiary_id = d.id
JOIN master_country e ON d.country_id = e.id
JOIN master_loading_port f ON a.loading_port_id = f.id
JOIN master_customer_ship_detail g ON a.customer_ship_id = g.id
JOIN master_container h ON a.container_id = h.id
JOIN master_bank i ON a.bank_id = i.id
JOIN master_currency j ON a.currency_id = j.id
JOIN master_top k ON a.top_id = k.id
JOIN master_customer_cp l ON a.consignee_id = l.customer_id
JOIN master_incoterm m ON l.incoterm_id = m.id
JOIN master_pi_status n ON a.pi_status_id = n.id ;

-- Dumping structure for view gpd_gexp.view_trans_pi_detail_item
DROP VIEW IF EXISTS `view_trans_pi_detail_item`;
-- Removing temporary table and create final VIEW structure
DROP TABLE IF EXISTS `view_trans_pi_detail_item`;
CREATE ALGORITHM=UNDEFINED SQL SECURITY DEFINER VIEW `view_trans_pi_detail_item` AS SELECT
	a.*, c.name pi_item_category_name, b.name item_name,
	b.`length`, b.width, b.height, ((b.`length` * b.width * b.height) / 1000000000) volume,
	SUM((((b.`length` * b.width * b.height) / 1000000000) * a.qty)) cbm
FROM trans_pi_detail a
JOIN master_item b ON a.item_id = b.id
JOIN master_pi_item_category c ON a.pi_item_category_id = c.id
WHERE a.is_deleted = '0'
GROUP BY a.pi_id
ORDER BY a.pi_item_category_id ;

-- Dumping structure for view gpd_gexp.view_trans_pi_email_detail
DROP VIEW IF EXISTS `view_trans_pi_email_detail`;
-- Removing temporary table and create final VIEW structure
DROP TABLE IF EXISTS `view_trans_pi_email_detail`;
CREATE ALGORITHM=UNDEFINED SQL SECURITY DEFINER VIEW `view_trans_pi_email_detail` AS SELECT
	a.*, b.item, c.fullname
FROM trans_signed_pi a
JOIN master_pi_item b ON a.pi_item_id = b.id
JOIN `master_user` c ON a.updated_by = c.id
WHERE a.is_sent = '0'
ORDER BY a.id ;

-- Dumping structure for view gpd_gexp.view_trans_pi_email_header
DROP VIEW IF EXISTS `view_trans_pi_email_header`;
-- Removing temporary table and create final VIEW structure
DROP TABLE IF EXISTS `view_trans_pi_email_header`;
CREATE ALGORITHM=UNDEFINED SQL SECURITY DEFINER VIEW `view_trans_pi_email_header` AS SELECT
	a.pi_id, b.code pi_no, ROUND(((SUM(IF(a.value IS NOT NULL, 1, 0))/33)*100),2) progress
FROM trans_signed_pi a
JOIN trans_pi b ON a.pi_id = b.id
GROUP BY b.id ;

-- Dumping structure for view gpd_gexp.view_trans_pi_email_user
DROP VIEW IF EXISTS `view_trans_pi_email_user`;
-- Removing temporary table and create final VIEW structure
DROP TABLE IF EXISTS `view_trans_pi_email_user`;
CREATE ALGORITHM=UNDEFINED SQL SECURITY DEFINER VIEW `view_trans_pi_email_user` AS SELECT
	a.id, a.email
FROM `master_user` a 
WHERE a.id IN (1,2) ;

-- Dumping structure for view gpd_gexp.view_trans_pi_expterm
DROP VIEW IF EXISTS `view_trans_pi_expterm`;
-- Removing temporary table and create final VIEW structure
DROP TABLE IF EXISTS `view_trans_pi_expterm`;
CREATE ALGORITHM=UNDEFINED SQL SECURITY DEFINER VIEW `view_trans_pi_expterm` AS SELECT
	a.id, a.code pi_no, b.pi_id
FROM trans_pi a
LEFT JOIN trans_export_terms b ON a.id = b.pi_id
WHERE a.pi_status_id = 5 AND b.pi_id IS NULL ;

-- Dumping structure for view gpd_gexp.view_trans_pi_invoice
DROP VIEW IF EXISTS `view_trans_pi_invoice`;
-- Removing temporary table and create final VIEW structure
DROP TABLE IF EXISTS `view_trans_pi_invoice`;
CREATE ALGORITHM=UNDEFINED SQL SECURITY DEFINER VIEW `view_trans_pi_invoice` AS SELECT
	a.id, a.code pi_no
FROM trans_pi a
LEFT JOIN trans_export_terms b ON a.id = b.pi_id
LEFT JOIN trans_invoice c ON b.pi_id = c.pi_id
WHERE b.pi_status_id = 5 AND c.pi_id IS NULL
AND a.is_deleted = '0' ;

-- Dumping structure for view gpd_gexp.view_trans_pi_list
DROP VIEW IF EXISTS `view_trans_pi_list`;
-- Removing temporary table and create final VIEW structure
DROP TABLE IF EXISTS `view_trans_pi_list`;
CREATE ALGORITHM=UNDEFINED SQL SECURITY DEFINER VIEW `view_trans_pi_list` AS SELECT
	a.*, DATE_FORMAT(a.created_at, '%Y-%m-%d') pi_date, 
	b.company_name customer, c.name country_name, d.fullname pic, e.name status_name, e.bg_color,
	IF(a.pi_status_id IN (3,5,6), 'style="display: none;"', '') display,
	IF(a.pi_status_id IN (3,5,7), 'style="display: none;"', '') display_wh,
	ROUND(((SUM(IF(f.value IS NOT NULL, 1, 0))/33)*100),2) progress
FROM trans_pi a
JOIN master_customer b ON a.customer_id = b.id
JOIN master_country c ON b.country_id = c.id
JOIN `master_user` d ON a.created_by = d.id
JOIN master_pi_status e ON a.pi_status_id = e.id 
LEFT JOIN trans_signed_pi f ON a.id = f.pi_id
GROUP BY a.id
ORDER BY a.created_at ASC ;

-- Dumping structure for view gpd_gexp.view_trans_pi_packing
DROP VIEW IF EXISTS `view_trans_pi_packing`;
-- Removing temporary table and create final VIEW structure
DROP TABLE IF EXISTS `view_trans_pi_packing`;
CREATE ALGORITHM=UNDEFINED SQL SECURITY DEFINER VIEW `view_trans_pi_packing` AS SELECT
	a.id inv_id, a.code inv_no
FROM trans_invoice a
LEFT JOIN trans_packing_list b ON a.id = b.invoice_id
WHERE b.invoice_id IS NULL ;

-- Dumping structure for view gpd_gexp.view_trans_pi_packing_detail
DROP VIEW IF EXISTS `view_trans_pi_packing_detail`;
-- Removing temporary table and create final VIEW structure
DROP TABLE IF EXISTS `view_trans_pi_packing_detail`;
CREATE ALGORITHM=UNDEFINED SQL SECURITY DEFINER VIEW `view_trans_pi_packing_detail` AS SELECT
	a.*, b.code invoice_code,
	d.company_name cons_name, d.address cons_address, d.phone_no cons_phone, i.name cons_country_name,
	f.company_name not_name, f.address not_address, f.phone_no not_phone, j.name not_country_name, e.name cp_name,
	g.company_name ship_name, g.address ship_address, h.discharge_port, k.name loading_port, 'Indonesia' country_origin
FROM trans_packing_list a
JOIN trans_invoice b ON a.invoice_id = b.id
JOIN trans_pi c ON b.pi_id = c.id
JOIN master_customer d ON c.customer_id = d.id
JOIN master_customer_cp e ON d.id = e.customer_id
JOIN master_customer_notify f ON d.id = f.customer_id
JOIN master_beneficiary g ON c.beneficiary_id = g.id
JOIN master_customer_ship_detail h ON c.customer_ship_id = h.id 
JOIN master_country i ON d.country_id = i.id
JOIN master_country j ON f.country_id = j.id
JOIN master_loading_port k ON c.loading_port_id = k.id ;

-- Dumping structure for view gpd_gexp.view_trans_pi_packing_detail_list
DROP VIEW IF EXISTS `view_trans_pi_packing_detail_list`;
-- Removing temporary table and create final VIEW structure
DROP TABLE IF EXISTS `view_trans_pi_packing_detail_list`;
CREATE ALGORITHM=UNDEFINED SQL SECURITY DEFINER VIEW `view_trans_pi_packing_detail_list` AS SELECT
	a.*, b.code invoice_code,
	d.id pi_detail_id, d.qty, d.price, d.carton_barcode, d.expired_date, d.production_date, d.batch,
	e.hs_code, e.name item_name, e.pack_desc, e.net_wight, e.gross_weight, CONCAT(e.`length`, ' X ', e.width, ' X ', e.height) dimensions
FROM trans_packing_list a
JOIN trans_invoice b ON a.invoice_id = b.id
JOIN trans_pi c ON b.pi_id = c.id
JOIN trans_pi_detail d ON c.id = d.pi_id
JOIN master_item e ON d.item_id = e.id ;

-- Dumping structure for view gpd_gexp.view_trans_pi_packing_get
DROP VIEW IF EXISTS `view_trans_pi_packing_get`;
-- Removing temporary table and create final VIEW structure
DROP TABLE IF EXISTS `view_trans_pi_packing_get`;
CREATE ALGORITHM=UNDEFINED SQL SECURITY DEFINER VIEW `view_trans_pi_packing_get` AS SELECT
	a.*,
	d.company_name cons_name, d.address cons_address, d.phone_no cons_phone, i.name cons_country_name,
	f.company_name not_name, f.address not_address, f.phone_no not_phone, j.name not_country_name, e.name cp_name,
	g.company_name ship_name, g.address ship_address, h.discharge_port, k.name loading_port, 'Indonesia' country_origin
FROM trans_invoice a
LEFT JOIN trans_packing_list b ON a.id = b.invoice_id
JOIN trans_pi c ON a.pi_id = c.id
JOIN master_customer d ON c.customer_id = d.id
JOIN master_customer_cp e ON d.id = e.customer_id
JOIN master_customer_notify f ON d.id = f.customer_id
JOIN master_beneficiary g ON c.beneficiary_id = g.id
JOIN master_customer_ship_detail h ON c.customer_ship_id = h.id 
JOIN master_country i ON d.country_id = i.id
JOIN master_country j ON f.country_id = j.id
JOIN master_loading_port k ON c.loading_port_id = k.id ;

-- Dumping structure for view gpd_gexp.view_trans_pi_packing_item_get
DROP VIEW IF EXISTS `view_trans_pi_packing_item_get`;
-- Removing temporary table and create final VIEW structure
DROP TABLE IF EXISTS `view_trans_pi_packing_item_get`;
CREATE ALGORITHM=UNDEFINED SQL SECURITY DEFINER VIEW `view_trans_pi_packing_item_get` AS SELECT
	a.*, 
	d.id pi_detail_id, d.qty, d.price, 
	e.hs_code, e.name item_name, e.pack_desc, e.net_wight, e.gross_weight, CONCAT(e.`length`, ' X ', e.width, ' X ', e.height) dimensions
FROM trans_invoice a
LEFT JOIN trans_packing_list b ON a.id = b.invoice_id
JOIN trans_pi c ON a.pi_id = c.id
JOIN trans_pi_detail d ON c.id = d.pi_id
JOIN master_item e ON d.item_id = e.id ;

-- Dumping structure for view gpd_gexp.view_trans_pi_signed_item
DROP VIEW IF EXISTS `view_trans_pi_signed_item`;
-- Removing temporary table and create final VIEW structure
DROP TABLE IF EXISTS `view_trans_pi_signed_item`;
CREATE ALGORITHM=UNDEFINED SQL SECURITY DEFINER VIEW `view_trans_pi_signed_item` AS SELECT
	a.*, b.item, b.option_id, b.name, c.name opt,
	IF(b.option_id = 3, 'disabled', '') display,
	IF(a.value IS NOT NULL, 'checked disabled', '') flags,
	IF(a.value IS NULL, 'disabled', '') download,
	b.is_deleted
FROM trans_signed_pi a
JOIN master_pi_item b ON a.pi_item_id = b.id
JOIN master_pi_opt c ON b.option_id = c.id
ORDER BY FIELD(a.pi_item_id, 1,2,6,18,19,21,22,3,4,5,9,10,20,24,31,8,26,11,12,13,14,15,16,7,17,23,25,27,28,29,30,32,33) ASC ;

-- Dumping structure for view gpd_gexp.view_trans_prodspec_invoice
DROP VIEW IF EXISTS `view_trans_prodspec_invoice`;
-- Removing temporary table and create final VIEW structure
DROP TABLE IF EXISTS `view_trans_prodspec_invoice`;
CREATE ALGORITHM=UNDEFINED SQL SECURITY DEFINER VIEW `view_trans_prodspec_invoice` AS SELECT
	a.invoice_id, b.code invoice_no
FROM trans_packing_list a
JOIN trans_invoice b ON a.invoice_id = b.id
ORDER BY a.invoice_id ;

-- Dumping structure for view gpd_gexp.view_trans_prodspec_item
DROP VIEW IF EXISTS `view_trans_prodspec_item`;
-- Removing temporary table and create final VIEW structure
DROP TABLE IF EXISTS `view_trans_prodspec_item`;
CREATE ALGORITHM=UNDEFINED SQL SECURITY DEFINER VIEW `view_trans_prodspec_item` AS SELECT
	c.pi_id, a.invoice_id, IF(g.ffrn IS NULL, '-', g.ffrn) ffrn, b.id packing_list_detail_id, c.item_id, d.code item_code, d.name item_name, e.id coa_id, f.id qcheck_id
FROM trans_packing_list a
JOIN trans_packing_list_detail b ON a.id = b.packing_list_id
JOIN trans_pi_detail c ON b.pi_detail_id = c.id
JOIN master_item d ON c.item_id = d.id 
LEFT JOIN trans_prod_spec_detail e ON b.id = e.packing_list_detail_id
LEFT JOIN trans_qcontrol_check f ON d.id = f.item_id
LEFT JOIN trans_invoice g ON a.invoice_id = g.id
WHERE e.id IS NULL ;

-- Dumping structure for view gpd_gexp.view_trans_prodspec_list
DROP VIEW IF EXISTS `view_trans_prodspec_list`;
-- Removing temporary table and create final VIEW structure
DROP TABLE IF EXISTS `view_trans_prodspec_list`;
CREATE ALGORITHM=UNDEFINED SQL SECURITY DEFINER VIEW `view_trans_prodspec_list` AS SELECT
	a.*, b.code, b.created_at, c.code invoice_no, f.name item_name
FROM trans_prod_spec_detail a
JOIN trans_prod_spec b ON a.prod_spec_id = b.id
JOIN trans_invoice c ON b.invoice_id = c.id
JOIN trans_packing_list_detail d ON a.packing_list_detail_id = d.id
JOIN trans_pi_detail e ON d.pi_detail_id = e.id
JOIN master_item f ON e.item_id = f.id
ORDER BY a.id ;

-- Dumping structure for view gpd_gexp.view_trans_prodspec_qcheck
DROP VIEW IF EXISTS `view_trans_prodspec_qcheck`;
-- Removing temporary table and create final VIEW structure
DROP TABLE IF EXISTS `view_trans_prodspec_qcheck`;
CREATE ALGORITHM=UNDEFINED SQL SECURITY DEFINER VIEW `view_trans_prodspec_qcheck` AS SELECT
	c.*, a.id packing_detail_id, b.pi_id
FROM trans_packing_list_detail a
JOIN trans_pi_detail b ON a.pi_detail_id = b.id
JOIN trans_qcontrol_check c ON b.item_id = c.item_id ;

-- Dumping structure for view gpd_gexp.view_trans_qcertificate_coa
DROP VIEW IF EXISTS `view_trans_qcertificate_coa`;
-- Removing temporary table and create final VIEW structure
DROP TABLE IF EXISTS `view_trans_qcertificate_coa`;
CREATE ALGORITHM=UNDEFINED SQL SECURITY DEFINER VIEW `view_trans_qcertificate_coa` AS SELECT
	a.*, b.code invoice_no
FROM trans_coa a
JOIN trans_invoice b ON a.invoice_id = b.id
LEFT JOIN trans_qcertificate c ON a.id = c.coa_id
WHERE c.coa_id IS NULL ;

-- Dumping structure for view gpd_gexp.view_trans_qcertificate_list
DROP VIEW IF EXISTS `view_trans_qcertificate_list`;
-- Removing temporary table and create final VIEW structure
DROP TABLE IF EXISTS `view_trans_qcertificate_list`;
CREATE ALGORITHM=UNDEFINED SQL SECURITY DEFINER VIEW `view_trans_qcertificate_list` AS SELECT
	a.*, b.code invoice_no
FROM trans_qcertificate a
JOIN trans_invoice b ON a.invoice_id = b.id
ORDER BY a.id DESC ;

-- Dumping structure for view gpd_gexp.view_trans_qcheck_item
DROP VIEW IF EXISTS `view_trans_qcheck_item`;
-- Removing temporary table and create final VIEW structure
DROP TABLE IF EXISTS `view_trans_qcheck_item`;
CREATE ALGORITHM=UNDEFINED SQL SECURITY DEFINER VIEW `view_trans_qcheck_item` AS SELECT
	a.*
FROM master_item a
LEFT JOIN trans_qcontrol_check b ON a.id = b.item_id
WHERE b.item_id IS NULL ;

-- Dumping structure for view gpd_gexp.view_trans_qcontrol_check_list
DROP VIEW IF EXISTS `view_trans_qcontrol_check_list`;
-- Removing temporary table and create final VIEW structure
DROP TABLE IF EXISTS `view_trans_qcontrol_check_list`;
CREATE ALGORITHM=UNDEFINED SQL SECURITY DEFINER VIEW `view_trans_qcontrol_check_list` AS SELECT
	a.*, b.name item_name
FROM trans_qcontrol_check a
JOIN master_item b ON a.item_id = b.id ;

-- Dumping structure for view gpd_gexp.view_trans_spp_invoice
DROP VIEW IF EXISTS `view_trans_spp_invoice`;
-- Removing temporary table and create final VIEW structure
DROP TABLE IF EXISTS `view_trans_spp_invoice`;
CREATE ALGORITHM=UNDEFINED SQL SECURITY DEFINER VIEW `view_trans_spp_invoice` AS SELECT
	a.invoice_id, b.code invoice_no
FROM trans_packing_list a
JOIN trans_invoice b ON a.invoice_id = b.id
LEFT JOIN trans_spp c ON b.id = c.invoice_id
WHERE c.invoice_id IS NULL
ORDER BY a.invoice_id ;

-- Dumping structure for view gpd_gexp.view_trans_spp_list
DROP VIEW IF EXISTS `view_trans_spp_list`;
-- Removing temporary table and create final VIEW structure
DROP TABLE IF EXISTS `view_trans_spp_list`;
CREATE ALGORITHM=UNDEFINED SQL SECURITY DEFINER VIEW `view_trans_spp_list` AS SELECT
	a.*, b.code invoice_no
FROM trans_spp a
JOIN trans_invoice b ON a.invoice_id = b.id ;

-- Dumping structure for view gpd_gexp.view_user_list
DROP VIEW IF EXISTS `view_user_list`;
-- Removing temporary table and create final VIEW structure
DROP TABLE IF EXISTS `view_user_list`;
CREATE ALGORITHM=UNDEFINED SQL SECURITY DEFINER VIEW `view_user_list` AS SELECT
	a.id, a.fullname, a.username, a.email, c.name role_name, d.name position_name,
	a.created_at, IF(a.updated_at IS NULL, '-', a.updated_at) updated_at, 
	a.is_deleted
FROM `master_user` a
JOIN master_user_role b ON a.id = b.user_id
JOIN master_role c ON b.role_id = c.id
JOIN master_position d ON b.position_id = d.id
ORDER BY a.id ASC ;

-- Dumping structure for view gpd_gexp.view_user_role
DROP VIEW IF EXISTS `view_user_role`;
-- Removing temporary table and create final VIEW structure
DROP TABLE IF EXISTS `view_user_role`;
CREATE ALGORITHM=UNDEFINED SQL SECURITY DEFINER VIEW `view_user_role` AS SELECT
	a.*, b.role_id, c.name role_name, d.name position_name
FROM `master_user` a
JOIN master_user_role b ON a.id = b.user_id
JOIN master_role c ON b.role_id = c.id
JOIN master_position d ON b.position_id = d.id
ORDER BY a.id ASC ;

/*!40103 SET TIME_ZONE=IFNULL(@OLD_TIME_ZONE, 'system') */;
/*!40101 SET SQL_MODE=IFNULL(@OLD_SQL_MODE, '') */;
/*!40014 SET FOREIGN_KEY_CHECKS=IFNULL(@OLD_FOREIGN_KEY_CHECKS, 1) */;
/*!40101 SET CHARACTER_SET_CLIENT=@OLD_CHARACTER_SET_CLIENT */;
/*!40111 SET SQL_NOTES=IFNULL(@OLD_SQL_NOTES, 1) */;
